Created on 11-22-2020,https://www.CryptoDataDownload.com
Unix Timestamp,Date,Symbol,Open,High,Low,Close,Volume LTC,Volume USD
1605830400.0,2020-11-20,LTCUSD,81.59,83.77,80.51,80.68,1588.97,130822.78
1605744000.0,2020-11-19,LTCUSD,74,83.32,71.56,81.59,11912.36,947524.53
1605657600.0,2020-11-18,LTCUSD,76.39,77.02,68,74,11429.89,827299.47
1605571200.0,2020-11-17,LTCUSD,74.1,77,71.6,76.39,5631.12,418387.87
1605484800.0,2020-11-16,LTCUSD,62.41,74.54,62.23,74.1,10699.85,735135.57
1605398400.0,2020-11-15,LTCUSD,63.96,64.49,61.22,62.41,1666.11,104687.37
1605312000.0,2020-11-14,LTCUSD,65.87,66.08,61.88,63.96,5145.73,326397.81
1605225600.0,2020-11-13,LTCUSD,60.77,66.53,60.31,65.87,7873.29,502432.39
1605139200.0,2020-11-12,LTCUSD,59.41,60.77,57.62,60.77,5152.27,304425.91
1605052800.0,2020-11-11,LTCUSD,58.08,60.73,57.94,59.41,2329.72,139476.9
1604966400.0,2020-11-10,LTCUSD,59.11,59.56,57.25,58.08,3852.73,224694.34
1604880000.0,2020-11-09,LTCUSD,60.95,61.67,57.5,59.11,2568.52,152533.75
1604793600.0,2020-11-08,LTCUSD,59,62,58.75,60.95,1698.17,102640.83
1604707200.0,2020-11-07,LTCUSD,63.47,64.75,57.18,59,10064.62,607055.12
1604620800.0,2020-11-06,LTCUSD,59.04,63.69,58.96,63.47,9389.27,574772.23
1604534400.0,2020-11-05,LTCUSD,54.52,59.74,54.52,59.04,6120.2,354197.16
1604448000.0,2020-11-04,LTCUSD,53.97,55.25,51.7,54.52,4974.86,266522.87
1604361600.0,2020-11-03,LTCUSD,53.96,54.37,51.08,53.97,4946.16,261024.77
1604275200.0,2020-11-02,LTCUSD,55.5,56.82,53.09,53.96,3619.0,197980.74
1604188800.0,2020-11-01,LTCUSD,55.78,56.18,54.2,55.5,1541.82,85448.22
1604102400.0,2020-10-31,LTCUSD,54.33,56.47,53.83,55.78,3418.75,189214.0
1604016000.0,2020-10-30,LTCUSD,54.81,55.65,52.32,54.33,2014.92,108774.72
1603929600.0,2020-10-29,LTCUSD,55.94,56.54,53.47,54.81,4044.16,223510.27
1603843200.0,2020-10-28,LTCUSD,58.11,60.52,54.89,55.94,6764.32,387625.16
1603756800.0,2020-10-27,LTCUSD,56.95,59,56.61,58.11,8187.66,473763.88
1603670400.0,2020-10-26,LTCUSD,58.86,59.09,55.19,56.95,4462.56,255946.37
1603584000.0,2020-10-25,LTCUSD,59.21,60,56.72,58.86,4226.3,247200.15
1603497600.0,2020-10-24,LTCUSD,55.47,59.66,54.98,59.21,3879.51,225998.96
1603411200.0,2020-10-23,LTCUSD,54.44,56.94,53.21,55.47,4190.71,232887.75
1603324800.0,2020-10-22,LTCUSD,53.14,56.28,53.14,54.44,6039.56,332630.16
1603238400.0,2020-10-21,LTCUSD,46.91,55.05,46.91,53.14,10132.99,528783.99
1603152000.0,2020-10-20,LTCUSD,48.04,48.43,46.5,46.91,2101.06,99172.3
1603065600.0,2020-10-19,LTCUSD,47.58,48.5,46.93,48.04,1368.69,65792.63
1602979200.0,2020-10-18,LTCUSD,46.94,47.92,46.81,47.58,755.6,35795.96
1602892800.0,2020-10-17,LTCUSD,47.55,47.62,46.39,46.94,903.01,42421.02
1602806400.0,2020-10-16,LTCUSD,49.41,49.84,45.61,47.55,4518.12,212684.1
1602720000.0,2020-10-15,LTCUSD,49.63,50.2,48.92,49.41,1541.36,76437.43
1602633600.0,2020-10-14,LTCUSD,49.91,51.01,49.29,49.63,1462.5,73413.71
1602547200.0,2020-10-13,LTCUSD,50.63,50.67,49,49.91,2652.56,132518.71
1602460800.0,2020-10-12,LTCUSD,50.75,51.5,49.37,50.63,2991.68,151154.63
1602374400.0,2020-10-11,LTCUSD,48.97,51.22,48.81,50.75,2667.86,133954.45
1602288000.0,2020-10-10,LTCUSD,47.81,50.4,47.81,48.97,3639.52,179789.4
1602201600.0,2020-10-09,LTCUSD,47.15,48.13,46.71,47.81,2634.34,124829.61
1602115200.0,2020-10-08,LTCUSD,46.55,47.45,45.5,47.15,1745.37,81935.69
1602028800.0,2020-10-07,LTCUSD,45.82,46.89,45.03,46.55,1493.9,69071.48
1601942400.0,2020-10-06,LTCUSD,46.39,48.15,45.63,45.82,4292.14,202241.39
1601856000.0,2020-10-05,LTCUSD,46.75,47.03,45.63,46.39,1100.03,50859.5
1601769600.0,2020-10-04,LTCUSD,45.57,47,45.37,46.75,1331.9,61165.88
1601683200.0,2020-10-03,LTCUSD,45,46,44.8,45.57,1433.22,65169.67
1601596800.0,2020-10-02,LTCUSD,46.07,46.93,43.29,45,2627.8,117855.49
1601510400.0,2020-10-01,LTCUSD,46.21,48.46,45.24,46.07,2478.59,116179.47
1601424000.0,2020-09-30,LTCUSD,45.67,46.66,45.45,46.21,1301.83,59992.27
1601337600.0,2020-09-29,LTCUSD,45.11,45.79,45.02,45.67,2016.01,91288.56
1601251200.0,2020-09-28,LTCUSD,45.92,47.09,44.84,45.11,1556.32,72181.33
1601164800.0,2020-09-27,LTCUSD,46.16,46.54,44.59,45.92,1003.67,46012.7
1601078400.0,2020-09-26,LTCUSD,46.03,46.56,45.24,46.16,1162.36,53406.13
1600992000.0,2020-09-25,LTCUSD,44.96,46.5,44.03,46.03,1203.29,55079.22
1600905600.0,2020-09-24,LTCUSD,43.13,45.14,42.59,44.96,1598.67,70694.41
1600819200.0,2020-09-23,LTCUSD,44.31,45.02,42.78,43.13,1228.99,54166.74
1600732800.0,2020-09-22,LTCUSD,43.25,54.3,42.88,44.31,1760.9,80104.36
1600646400.0,2020-09-21,LTCUSD,47.07,47.59,41.55,43.25,6517.09,287168.38
1600560000.0,2020-09-20,LTCUSD,48.56,48.7,46.17,47.07,2157.19,102419.05
1600473600.0,2020-09-19,LTCUSD,48.32,48.95,48.06,48.56,937.31,45505.88
1600387200.0,2020-09-18,LTCUSD,48.91,49.07,47.56,48.32,1361.95,65996.37
1600300800.0,2020-09-17,LTCUSD,47.7,49.55,47.7,48.91,1463.06,71030.11
1600214400.0,2020-09-16,LTCUSD,48.23,48.7,47.14,47.7,2184.2,105404.66
1600128000.0,2020-09-15,LTCUSD,49.02,50.3,48.21,48.23,3545.0,174345.64
1600041600.0,2020-09-14,LTCUSD,48.11,50.79,47.18,49.02,2811.77,136799.41
1599955200.0,2020-09-13,LTCUSD,50.73,50.83,47.37,48.11,1393.48,68892.42
1599868800.0,2020-09-12,LTCUSD,49.05,51.34,48.43,50.73,1762.43,87979.12
1599782400.0,2020-09-11,LTCUSD,48.63,49.4,47.44,49.05,1870.78,90629.33
1599696000.0,2020-09-10,LTCUSD,47.8,49.44,47.8,48.63,1951.24,95185.58
1599609600.0,2020-09-09,LTCUSD,47.17,48.8,46.57,47.8,2668.91,126779.08
1599523200.0,2020-09-08,LTCUSD,48.77,49.27,46,47.17,1849.57,88431.92
1599436800.0,2020-09-07,LTCUSD,47.88,49.03,45.3,48.77,2206.55,104492.77
1599350400.0,2020-09-06,LTCUSD,47.59,51.05,46.38,47.88,2669.16,129144.0
1599264000.0,2020-09-05,LTCUSD,50.45,51.28,45.35,47.59,5429.52,264877.42
1599177600.0,2020-09-04,LTCUSD,47.5,52.38,46.58,50.45,5992.93,298493.26
1599091200.0,2020-09-03,LTCUSD,58.2,58.62,45.89,47.5,8045.41,424865.42
1599004800.0,2020-09-02,LTCUSD,62.57,63.19,56.9,58.2,4069.84,243188.66
1598918400.0,2020-09-01,LTCUSD,61.06,64.33,59.8,62.57,5466.77,344082.76
1598832000.0,2020-08-31,LTCUSD,62.49,63.73,60.52,61.06,2425.92,150097.97
1598745600.0,2020-08-30,LTCUSD,57.02,62.85,57.02,62.49,2671.3,161376.21
1598659200.0,2020-08-29,LTCUSD,57.35,58.14,57.02,57.02,2304.5,132963.29
1598572800.0,2020-08-28,LTCUSD,56.05,58.2,55.51,57.35,1106.76,62827.25
1598486400.0,2020-08-27,LTCUSD,58.2,59.21,54.07,56.05,3172.32,178180.47
1598400000.0,2020-08-26,LTCUSD,58.39,59.03,57,58.2,1436.97,83402.0
1598313600.0,2020-08-25,LTCUSD,62.46,62.46,56.65,58.39,3027.87,179124.39
1598227200.0,2020-08-24,LTCUSD,60.58,63.05,60.08,62.46,1699.87,105234.91
1598140800.0,2020-08-23,LTCUSD,60.29,61.69,58.15,60.58,2173.02,130894.05
1598054400.0,2020-08-22,LTCUSD,59.05,60.45,57.8,60.29,901.91,53213.23
1597968000.0,2020-08-21,LTCUSD,62.42,63.79,58.85,59.05,2816.19,171781.53
1597881600.0,2020-08-20,LTCUSD,62.08,63.67,61.03,62.42,1591.12,99571.8
1597795200.0,2020-08-19,LTCUSD,65.35,67,59,62.08,5867.79,370478.39
1597708800.0,2020-08-18,LTCUSD,67.19,68.49,63.06,65.35,6538.68,432638.49
1597622400.0,2020-08-17,LTCUSD,64.02,68.97,61.41,67.19,7072.51,465751.9
1597536000.0,2020-08-16,LTCUSD,59.96,64.68,58.5,64.02,9003.74,551033.99
1597449600.0,2020-08-15,LTCUSD,56.72,60.89,56.5,59.96,6277.61,372629.28
1597363200.0,2020-08-14,LTCUSD,57.16,58,55.99,56.72,3839.35,218232.58
1597276800.0,2020-08-13,LTCUSD,54.58,57.33,51.94,57.16,3949.16,215775.99
1597190400.0,2020-08-12,LTCUSD,54.1,55.06,51.51,54.58,1733.79,93589.27
1597104000.0,2020-08-11,LTCUSD,58.34,59.6,52.54,54.1,4278.64,238286.75
1597017600.0,2020-08-10,LTCUSD,56.66,59.48,56.5,58.34,3227.35,187448.42
1596931200.0,2020-08-09,LTCUSD,58.37,58.67,56.08,56.66,2094.51,120021.25
1596844800.0,2020-08-08,LTCUSD,57.06,58.51,56.58,58.37,2001.54,114877.65
1596758400.0,2020-08-07,LTCUSD,58.89,61,54.74,57.06,4031.97,234619.44
1596672000.0,2020-08-06,LTCUSD,58.82,60.71,57.83,58.89,2871.92,170637.0
1596585600.0,2020-08-05,LTCUSD,57.52,59.63,56.81,58.82,4197.26,246779.78
1596499200.0,2020-08-04,LTCUSD,58.54,59.56,56.39,57.52,2289.32,132526.52
1596412800.0,2020-08-03,LTCUSD,56.86,60.1,55.76,58.54,4129.54,242603.4
1596326400.0,2020-08-02,LTCUSD,61.8,65.2,52.29,56.86,12855.74,751207.71
1596240000.0,2020-08-01,LTCUSD,58.03,62.3,57.68,61.8,5412.84,326111.37
1596153600.0,2020-07-31,LTCUSD,56.83,59.25,55.88,58.03,2028.72,117002.86
1596067200.0,2020-07-30,LTCUSD,55.15,58.61,53.87,56.83,5058.41,282744.06
1595980800.0,2020-07-29,LTCUSD,55.93,57,54.75,55.15,2338.12,130523.73
1595894400.0,2020-07-28,LTCUSD,53.4,60,51.72,55.93,8489.6,469919.88
1595808000.0,2020-07-27,LTCUSD,48.08,55.87,47,53.4,6952.75,355184.92
1595721600.0,2020-07-26,LTCUSD,49.34,50.55,47.56,48.08,5562.75,273191.17
1595635200.0,2020-07-25,LTCUSD,44.17,49.55,44.16,49.34,5392.06,256466.79
1595548800.0,2020-07-24,LTCUSD,45.09,45.09,44.02,44.17,2142.89,95406.31
1595462400.0,2020-07-23,LTCUSD,45.07,45.72,44.56,45.09,4038.43,181593.09
1595376000.0,2020-07-22,LTCUSD,43.77,45.16,43.26,45.07,1362.88,60345.95
1595289600.0,2020-07-21,LTCUSD,41.96,44.14,41.95,43.77,1297.19,56395.47
1595203200.0,2020-07-20,LTCUSD,42.7,42.78,41.5,41.96,469.03,19709.3
1595116800.0,2020-07-19,LTCUSD,42.45,42.93,41.94,42.7,606.0,25654.68
1595030400.0,2020-07-18,LTCUSD,41.89,42.88,41.79,42.45,714.54,30331.1
1594944000.0,2020-07-17,LTCUSD,42.02,42.32,41.71,41.89,741.69,31185.19
1594857600.0,2020-07-16,LTCUSD,43.26,43.32,41,42.02,1286.94,53898.2
1594771200.0,2020-07-15,LTCUSD,43.84,43.92,42.9,43.26,779.99,33846.08
1594684800.0,2020-07-14,LTCUSD,43.89,43.89,42.92,43.84,1015.03,44187.59
1594598400.0,2020-07-13,LTCUSD,44.77,45.55,42.55,43.89,4787.38,215388.02
1594512000.0,2020-07-12,LTCUSD,44.72,45.29,43.72,44.77,1590.99,71353.43
1594425600.0,2020-07-11,LTCUSD,44.09,44.72,43.89,44.72,1388.52,61581.14
1594339200.0,2020-07-10,LTCUSD,44.37,44.57,43.49,44.09,670.32,29526.46
1594252800.0,2020-07-09,LTCUSD,45.42,45.97,43.56,44.37,3055.73,137307.78
1594166400.0,2020-07-08,LTCUSD,43.36,45.65,43.17,45.42,4943.33,222566.61
1594080000.0,2020-07-07,LTCUSD,44.08,44.46,43,43.36,661.51,28829.21
1593993600.0,2020-07-06,LTCUSD,41.61,44.2,41.61,44.08,1165.88,50305.24
1593907200.0,2020-07-05,LTCUSD,41.96,42.16,40.8,41.61,534.37,22087.36
1593820800.0,2020-07-04,LTCUSD,41.1,42.2,41.1,41.96,796.99,33186.36
1593734400.0,2020-07-03,LTCUSD,41.06,41.65,40.93,41.1,1902.5,78608.52
1593648000.0,2020-07-02,LTCUSD,41.88,41.88,40.41,41.06,2318.4,95145.9
1593561600.0,2020-07-01,LTCUSD,41.29,42.04,40.94,41.88,829.88,34575.89
1593475200.0,2020-06-30,LTCUSD,41.92,42,40.81,41.29,723.74,29842.64
1593388800.0,2020-06-29,LTCUSD,41.35,42.22,40.63,41.92,984.09,40757.93
1593302400.0,2020-06-28,LTCUSD,41.23,42,40.48,41.35,1258.76,51805.82
1593216000.0,2020-06-27,LTCUSD,43.02,43.02,39.11,41.23,3608.91,147578.32
1593129600.0,2020-06-26,LTCUSD,42.25,43.44,41.42,43.02,1142.03,48585.15
1593043200.0,2020-06-25,LTCUSD,42.55,42.85,41.64,42.25,717.09,30370.36
1592956800.0,2020-06-24,LTCUSD,44.06,44.67,42.1,42.55,1375.84,59426.44
1592870400.0,2020-06-23,LTCUSD,44.4,44.46,43.82,44.06,887.74,39176.56
1592784000.0,2020-06-22,LTCUSD,42.9,44.63,42.9,44.4,1822.36,80117.87
1592697600.0,2020-06-21,LTCUSD,43.7,43.73,42.9,42.9,334.72,14489.38
1592611200.0,2020-06-20,LTCUSD,42.72,43.82,42.34,43.7,1043.18,44820.34
1592524800.0,2020-06-19,LTCUSD,43.38,43.69,42.41,42.72,2225.14,95494.09
1592438400.0,2020-06-18,LTCUSD,44.08,44.18,42.93,43.38,1460.74,63780.16
1592352000.0,2020-06-17,LTCUSD,43.87,44.95,43.1,44.08,1471.74,65168.63
1592265600.0,2020-06-16,LTCUSD,43.78,44.2,43.34,43.87,984.37,43066.8
1592179200.0,2020-06-15,LTCUSD,44.05,44.05,41.74,43.78,2669.52,115255.36
1592092800.0,2020-06-14,LTCUSD,45.09,45.09,43.1,44.05,1917.03,84376.35
1592006400.0,2020-06-13,LTCUSD,44.52,45.25,44.31,45.09,745.5,33368.03
1591920000.0,2020-06-12,LTCUSD,43.17,46,42.95,44.52,4161.93,186066.38
1591833600.0,2020-06-11,LTCUSD,46.64,46.96,41.83,43.17,5684.74,251934.08
1591747200.0,2020-06-10,LTCUSD,46.05,47.22,45.68,46.64,1438.17,66643.18
1591660800.0,2020-06-09,LTCUSD,46.5,46.88,45.45,46.05,2404.58,111043.94
1591574400.0,2020-06-08,LTCUSD,46.67,46.79,45.98,46.5,806.76,37346.39
1591488000.0,2020-06-07,LTCUSD,46.86,47,45.19,46.67,995.25,45989.07
1591401600.0,2020-06-06,LTCUSD,46.96,47.33,46.13,46.86,422.4,19709.08
1591315200.0,2020-06-05,LTCUSD,47.5,47.94,46.42,46.96,2034.13,96625.27
1591228800.0,2020-06-04,LTCUSD,47.09,48,46.41,47.5,2809.31,133568.4
1591142400.0,2020-06-03,LTCUSD,46.04,47.45,45.33,47.09,883.04,41116.63
1591056000.0,2020-06-02,LTCUSD,48.34,49.84,44.53,46.04,7765.0,370455.85
1590969600.0,2020-06-01,LTCUSD,45.53,48.83,45.49,48.34,8430.45,405303.91
1590883200.0,2020-05-31,LTCUSD,47.64,47.83,45.1,45.53,1461.07,67849.67
1590796800.0,2020-05-30,LTCUSD,44.54,48,44.23,47.64,2585.33,121509.29
1590710400.0,2020-05-29,LTCUSD,44.72,45.32,44.2,44.54,1351.09,60382.54
1590624000.0,2020-05-28,LTCUSD,43.75,44.93,43.15,44.72,2370.97,104959.24
1590537600.0,2020-05-27,LTCUSD,42.41,44,42.32,43.75,1426.53,61758.32
1590451200.0,2020-05-26,LTCUSD,42.94,43.03,41.84,42.41,1157.12,49207.04
1590364800.0,2020-05-25,LTCUSD,42.1,43.22,41.79,42.94,1769.95,75963.14
1590278400.0,2020-05-24,LTCUSD,43.85,44.53,42.1,42.1,3028.74,130993.43
1590192000.0,2020-05-23,LTCUSD,44.25,44.65,43.63,43.85,520.64,22953.96
1590105600.0,2020-05-22,LTCUSD,42.72,44.63,42.38,44.25,1505.72,65585.67
1590019200.0,2020-05-21,LTCUSD,44.18,44.63,41.66,42.72,2182.23,93784.38
1589932800.0,2020-05-20,LTCUSD,45.73,46.14,43.13,44.18,3583.46,159641.06
1589846400.0,2020-05-19,LTCUSD,45.29,45.8,44.08,45.73,2829.83,126858.74
1589760000.0,2020-05-18,LTCUSD,43.64,46.57,43.64,45.29,4831.02,218650.57
1589673600.0,2020-05-17,LTCUSD,43.18,44.54,43.17,43.64,3165.67,139578.61
1589587200.0,2020-05-16,LTCUSD,42.77,43.81,42.5,43.18,4857.94,210151.33
1589500800.0,2020-05-15,LTCUSD,44.12,44.14,42.39,42.77,3239.71,139964.23
1589414400.0,2020-05-14,LTCUSD,43.27,44.42,42.34,44.12,3726.77,161849.8
1589328000.0,2020-05-13,LTCUSD,42.28,43.82,42.01,43.27,1686.48,72314.74
1589241600.0,2020-05-12,LTCUSD,41.97,42.82,41.37,42.28,2136.85,90092.83
1589155200.0,2020-05-11,LTCUSD,42.14,42.82,39.46,41.97,5317.77,220488.09
1589068800.0,2020-05-10,LTCUSD,47.05,47.05,39.37,42.14,5277.71,221737.08
1588982400.0,2020-05-09,LTCUSD,47.82,49.06,46.72,47.05,2939.86,140975.04
1588896000.0,2020-05-08,LTCUSD,47.66,48.5,46.43,47.82,4173.38,198636.56
1588809600.0,2020-05-07,LTCUSD,45.27,48.38,44.46,47.66,3350.68,156465.52
1588723200.0,2020-05-06,LTCUSD,46.63,47.61,44.61,45.27,3646.75,169753.34
1588636800.0,2020-05-05,LTCUSD,47.01,47.8,45.8,46.63,3489.0,163888.15
1588550400.0,2020-05-04,LTCUSD,48.15,48.15,45.25,47.01,1906.62,88891.89
1588464000.0,2020-05-03,LTCUSD,49.34,50,46.7,48.15,2344.4,114017.91
1588377600.0,2020-05-02,LTCUSD,47.1,49.69,46.93,49.34,1375.67,66596.87
1588291200.0,2020-05-01,LTCUSD,46.37,48.27,46.31,47.1,1796.86,84872.35
1588204800.0,2020-04-30,LTCUSD,48.85,50.8,45.66,46.37,7321.73,351228.93
1588118400.0,2020-04-29,LTCUSD,45.89,50.11,45.47,48.85,6681.53,319198.33
1588032000.0,2020-04-28,LTCUSD,44.63,46.27,43.58,45.89,2350.35,104667.83
1587945600.0,2020-04-27,LTCUSD,44.45,45.41,43.38,44.63,2041.39,90630.77
1587859200.0,2020-04-26,LTCUSD,44.3,45.42,43.69,44.45,3031.43,134840.45
1587772800.0,2020-04-25,LTCUSD,44.65,45.59,43.95,44.3,3780.11,169108.01
1587686400.0,2020-04-24,LTCUSD,42.83,44.99,42.83,44.65,3179.1,140040.94
1587600000.0,2020-04-23,LTCUSD,41.9,43.97,41.15,42.83,4741.87,204134.4
1587513600.0,2020-04-22,LTCUSD,40.76,42.45,40.32,41.9,1290.93,53678.54
1587427200.0,2020-04-21,LTCUSD,40.44,41.37,40.19,40.76,2367.88,96441.67
1587340800.0,2020-04-20,LTCUSD,42.3,43.45,39.66,40.44,4797.45,197819.39
1587254400.0,2020-04-19,LTCUSD,44.31,44.39,41.67,42.3,2161.6,93242.6
1587168000.0,2020-04-18,LTCUSD,42.27,44.66,42,44.31,3197.07,138068.76
1587081600.0,2020-04-17,LTCUSD,42.45,43.44,41.67,42.27,2387.85,100860.66
1586995200.0,2020-04-16,LTCUSD,39.3,43.76,37.96,42.45,3329.83,139078.69
1586908800.0,2020-04-15,LTCUSD,41.13,41.74,39.12,39.3,2563.66,104105.75
1586822400.0,2020-04-14,LTCUSD,41.53,42.02,40.63,41.13,1270.63,52733.84
1586736000.0,2020-04-13,LTCUSD,42.01,42.01,39.7,41.53,4174.83,169386.81
1586649600.0,2020-04-12,LTCUSD,42.63,43.78,41.95,42.01,3377.57,144240.53
1586563200.0,2020-04-11,LTCUSD,42.31,43.08,41.57,42.63,1177.07,49863.09
1586476800.0,2020-04-10,LTCUSD,46.34,46.43,41,42.31,11709.41,519068.91
1586390400.0,2020-04-09,LTCUSD,46.66,46.91,44.53,46.34,1441.22,66527.55
1586304000.0,2020-04-08,LTCUSD,44.77,47.31,44.4,46.66,1945.09,89968.18
1586217600.0,2020-04-07,LTCUSD,45,47.63,43.7,44.77,5583.25,254701.12
1586131200.0,2020-04-06,LTCUSD,40.39,45.68,40.39,45,5170.28,224430.61
1586044800.0,2020-04-05,LTCUSD,40.78,41.09,39.97,40.39,3201.75,129728.17
1585958400.0,2020-04-04,LTCUSD,40.66,41.17,40.03,40.78,1369.22,55510.44
1585872000.0,2020-04-03,LTCUSD,40.05,41.3,39.79,40.66,2361.32,95941.36
1585785600.0,2020-04-02,LTCUSD,39.43,43.5,39.02,40.05,4977.99,201918.65
1585699200.0,2020-04-01,LTCUSD,39.41,39.54,37.02,39.43,2724.86,104850.87
1585612800.0,2020-03-31,LTCUSD,39.06,39.41,38.48,39.41,3109.04,121332.3
1585526400.0,2020-03-30,LTCUSD,37.17,39.72,37.06,39.06,2343.24,91272.92
1585440000.0,2020-03-29,LTCUSD,39,39.14,37.02,37.17,2891.84,109180.13
1585353600.0,2020-03-28,LTCUSD,38.03,39.49,36.62,39,2714.33,102913.45
1585267200.0,2020-03-27,LTCUSD,40.51,41.36,38,38.03,3262.75,129938.53
1585180800.0,2020-03-26,LTCUSD,39.35,40.58,38.61,40.51,1715.49,67600.36
1585094400.0,2020-03-25,LTCUSD,40.63,41.09,38.21,39.35,3802.12,150882.6
1585008000.0,2020-03-24,LTCUSD,39.17,41.08,38.34,40.63,2606.39,103788.33
1584921600.0,2020-03-23,LTCUSD,35.53,40.11,34.75,39.17,3565.17,135127.28
1584835200.0,2020-03-22,LTCUSD,38.34,39.77,34.9,35.53,2187.74,80440.57
1584748800.0,2020-03-21,LTCUSD,37.79,40.07,36.31,38.34,2231.25,85514.17
1584662400.0,2020-03-20,LTCUSD,39.15,43.73,25.8,38,14018.28,553800.02
1584576000.0,2020-03-19,LTCUSD,34.73,40.87,34.1,39.15,3488.82,132806.41
1584489600.0,2020-03-18,LTCUSD,34.71,34.95,32.43,34.93,1714.52,57649.85
1584403200.0,2020-03-17,LTCUSD,33.22,36.09,32.26,34.18,2925.03,102017.26
1584316800.0,2020-03-16,LTCUSD,35.83,36.25,29.46,33.22,5869.0,188989.02
1584230400.0,2020-03-15,LTCUSD,34.3,38.75,34.02,36.42,5536.77,199511.48
1584144000.0,2020-03-14,LTCUSD,38.17,38.17,33.91,34.3,2843.17,101095.19
1584057600.0,2020-03-13,LTCUSD,30.04,41.37,24.45,38.17,18136.24,602574.89
1583971200.0,2020-03-12,LTCUSD,47.94,48.17,28.84,30.04,14607.32,550901.12
1583884800.0,2020-03-11,LTCUSD,50.56,50.78,45.63,48.72,2100.41,99721.2
1583798400.0,2020-03-10,LTCUSD,50.55,51.57,48.82,50.19,4233.89,213398.41
1583712000.0,2020-03-09,LTCUSD,51.32,52.23,46.67,50.5,6469.89,318649.61
1583625600.0,2020-03-08,LTCUSD,59.14,59.44,50.62,51.32,5791.11,313498.41
1583539200.0,2020-03-07,LTCUSD,63.14,64,60.16,60.49,2794.12,173848.68
1583452800.0,2020-03-06,LTCUSD,61.77,63.79,61.22,63.14,1245.68,77846.1
1583366400.0,2020-03-05,LTCUSD,61,63.45,60.71,61.77,1873.82,116652.31
1583280000.0,2020-03-04,LTCUSD,61.2,61.89,58.94,60.13,838.76,51014.29
1583193600.0,2020-03-03,LTCUSD,60.24,62.44,59.55,61.2,1334.81,81235.75
1583107200.0,2020-03-02,LTCUSD,58.29,62.3,57.44,61.35,1169.23,70889.53
1583020800.0,2020-03-01,LTCUSD,57.96,60.22,56.15,58.29,913.45,52838.07
1582934400.0,2020-02-29,LTCUSD,60.42,61.55,57.96,57.96,889.82,52760.34
1582848000.0,2020-02-28,LTCUSD,61.38,63.14,56.73,60.42,2110.99,125317.45
1582761600.0,2020-02-27,LTCUSD,58.35,65,57.34,61.38,1491.34,92882.97
1582675200.0,2020-02-26,LTCUSD,72.15,72.15,57.58,60.81,5888.27,375365.84
1582588800.0,2020-02-25,LTCUSD,75.87,75.87,69.61,71.24,1955.06,140091.83
1582502400.0,2020-02-24,LTCUSD,80.08,80.08,71.5,75.87,2164.78,162803.66
1582416000.0,2020-02-23,LTCUSD,75.11,80.08,75.11,80.08,2021.35,159333.71
1582329600.0,2020-02-22,LTCUSD,73.45,76.67,72.48,75.11,1515.41,112795.43
1582243200.0,2020-02-21,LTCUSD,68.74,75.18,68.74,73.45,2365.03,171445.13
1582156800.0,2020-02-20,LTCUSD,72.22,72.22,66.33,69.45,1914.43,132622.92
1582070400.0,2020-02-19,LTCUSD,76.83,79.53,67.3,70.68,4473.22,331148.85
1581984000.0,2020-02-18,LTCUSD,73,79.28,69.74,77.28,3994.7,301973.07
1581897600.0,2020-02-17,LTCUSD,73.43,73.98,68.62,72.88,2312.18,164486.97
1581811200.0,2020-02-16,LTCUSD,76.33,80.67,67.56,75.1,3978.22,299557.22
1581724800.0,2020-02-15,LTCUSD,83.57,83.57,75.08,76.33,5083.49,395083.29
1581638400.0,2020-02-14,LTCUSD,80.03,83.9,78.69,83.17,2142.28,175380.77
1581552000.0,2020-02-13,LTCUSD,81.54,84.35,77.24,80.4,4096.49,333299.87
1581465600.0,2020-02-12,LTCUSD,77.1,82.99,76.92,81.54,4164.09,332824.2
1581379200.0,2020-02-11,LTCUSD,73.16,77.41,72.57,77.1,1953.59,147496.57
1581292800.0,2020-02-10,LTCUSD,76.92,77.41,72.33,74.22,2803.62,209291.47
1581206400.0,2020-02-09,LTCUSD,77.46,78.5,75.24,76.92,2706.45,208968.39
1581120000.0,2020-02-08,LTCUSD,74.36,77.7,71.3,76.68,5652.51,428244.1
1581033600.0,2020-02-07,LTCUSD,74.1,75.28,72.93,74.36,2543.45,188642.9
1580947200.0,2020-02-06,LTCUSD,72.81,74.88,71.19,73.36,2331.1,170796.29
1580860800.0,2020-02-05,LTCUSD,68.28,73.39,67.55,72.81,3257.33,233631.8
1580774400.0,2020-02-04,LTCUSD,69.61,70.3,66.62,67.73,6044.25,412960.15
1580688000.0,2020-02-03,LTCUSD,71.46,72.96,68.5,69.61,3942.88,275470.49
1580601600.0,2020-02-02,LTCUSD,69.86,73.38,67.61,69.85,4932.92,346463.08
1580515200.0,2020-02-01,LTCUSD,67.55,72.8,67.55,71.05,12719.34,891402.32
1580428800.0,2020-01-31,LTCUSD,67.88,69.75,65.38,67.55,2074.91,140070.28
1580342400.0,2020-01-30,LTCUSD,60.06,69.9,58.19,67.88,7208.69,475428.9
1580256000.0,2020-01-29,LTCUSD,60.6,62.36,59.55,60.06,1797.29,109000.48
1580169600.0,2020-01-28,LTCUSD,58.64,61.4,57.31,60.6,3791.23,226168.73
1580083200.0,2020-01-27,LTCUSD,55.9,59.54,55.9,58.64,2488.84,145013.29
1579996800.0,2020-01-26,LTCUSD,53.03,56.49,52.91,55.9,735.1,40423.89
1579910400.0,2020-01-25,LTCUSD,54.3,54.52,52.28,53.28,1684.8,90238.78
1579824000.0,2020-01-24,LTCUSD,54.27,55.36,50.77,54.3,1598.57,85414.63
1579737600.0,2020-01-23,LTCUSD,57.88,57.88,52.4,54.27,2277.21,123539.24
1579651200.0,2020-01-22,LTCUSD,57.76,59.1,57.19,58.33,952.39,55290.96
1579564800.0,2020-01-21,LTCUSD,57.47,57.9,55.92,57.76,836.43,47714.12
1579478400.0,2020-01-20,LTCUSD,57.3,58.11,55.71,57.47,799.34,45717.73
1579392000.0,2020-01-19,LTCUSD,59.49,62.26,55.44,57.75,3367.39,198098.11
1579305600.0,2020-01-18,LTCUSD,62.71,62.71,58.19,59.49,2296.68,137293.98
1579219200.0,2020-01-17,LTCUSD,57.59,62.99,56.59,61.18,2612.7,156692.47
1579132800.0,2020-01-16,LTCUSD,58.21,58.5,54.85,57.59,2298.27,129837.71
1579046400.0,2020-01-15,LTCUSD,58.46,60,55.45,58.21,3707.62,215441.08
1578960000.0,2020-01-14,LTCUSD,49.58,60.67,49.58,58.46,6702.42,372829.85
1578873600.0,2020-01-13,LTCUSD,51.41,51.63,48.96,49.58,1396.7,69682.66
1578787200.0,2020-01-12,LTCUSD,49.51,51.41,49.51,51.41,1253.81,63445.97
1578700800.0,2020-01-11,LTCUSD,48.86,51.87,47.82,49.27,5333.97,270074.09
1578614400.0,2020-01-10,LTCUSD,44.94,49.6,43.81,48.91,4240.36,202689.61
1578528000.0,2020-01-09,LTCUSD,45.11,45.7,43.88,44.98,1350.77,60390.17
1578441600.0,2020-01-08,LTCUSD,46.36,48.57,44.11,45.44,6094.92,287356.4
1578355200.0,2020-01-07,LTCUSD,45.9,46.83,44.37,46.36,5281.7,242262.53
1578268800.0,2020-01-06,LTCUSD,43.25,46.09,43.25,45.75,2797.91,125548.58
1578182400.0,2020-01-05,LTCUSD,42.47,44.44,42.47,43.25,1165.86,50671.17
1578096000.0,2020-01-04,LTCUSD,42.19,42.88,41.8,42.47,445.01,18837.02
1578009600.0,2020-01-03,LTCUSD,39.35,42.22,38.66,42.19,1784.71,73682.84
1577923200.0,2020-01-02,LTCUSD,41.46,41.71,39,39.35,1218.5,49063.09
1577836800.0,2020-01-01,LTCUSD,41.17,41.19,41.06,41.19,26.51,1091.85
1577750400.0,2019-12-31,LTCUSD,42.43,42.64,40.92,41.17,1616.91,67713.24
1577664000.0,2019-12-30,LTCUSD,43.17,43.96,41.6,42.43,811.92,34511.07
1577577600.0,2019-12-29,LTCUSD,42.64,43.61,42.16,43.17,627.09,26926.68
1577491200.0,2019-12-28,LTCUSD,41.56,43.6,41.4,42.64,1028.2,43716.69
1577404800.0,2019-12-27,LTCUSD,39.95,41.21,39.72,41.19,433.35,17524.9
1577318400.0,2019-12-26,LTCUSD,40.14,41.48,39.66,39.95,609.76,24701.75
1577232000.0,2019-12-25,LTCUSD,40.21,40.4,40.21,40.4,4.76,192.31
1577145600.0,2019-12-24,LTCUSD,40.43,41.03,39.77,40.21,719.6,28984.41
1577059200.0,2019-12-23,LTCUSD,41.91,42.64,40.35,40.43,4126.69,170043.51
1576972800.0,2019-12-22,LTCUSD,39.79,42.12,39.72,41.91,811.06,33506.56
1576886400.0,2019-12-21,LTCUSD,40.28,40.28,40.09,40.09,100.52,4035.39
1576800000.0,2019-12-20,LTCUSD,39.6,40.38,39.4,40.28,534.2,21345.18
1576713600.0,2019-12-19,LTCUSD,40.83,40.94,39.17,39.6,1232.31,49265.55
1576627200.0,2019-12-18,LTCUSD,36.86,41.48,36.02,40.92,2740.7,108624.17
1576540800.0,2019-12-17,LTCUSD,40.1,40.1,36.19,36.86,1904.27,72728.41
1576454400.0,2019-12-16,LTCUSD,43.47,43.47,38.9,40.1,5158.09,213091.99
1576368000.0,2019-12-15,LTCUSD,43.4,43.9,42.96,43.47,554.8,24126.67
1576281600.0,2019-12-14,LTCUSD,44.37,44.55,43.29,43.4,1131.6,49697.5
1576195200.0,2019-12-13,LTCUSD,43.73,44.44,43.48,44.18,1097.32,48241.56
1576108800.0,2019-12-12,LTCUSD,43.59,44.03,42.96,43.74,655.05,28453.25
1576022400.0,2019-12-11,LTCUSD,44.26,44.46,43.27,43.59,1629.89,71659.13
1575936000.0,2019-12-10,LTCUSD,44.57,44.65,43.73,44.13,7341.02,326525.77
1575849600.0,2019-12-09,LTCUSD,45.84,45.88,44.09,44.57,1919.86,86342.16
1575763200.0,2019-12-08,LTCUSD,45.06,46.21,44.97,45.84,591.42,26993.37
1575676800.0,2019-12-07,LTCUSD,45.43,46.45,45.19,45.22,827.88,37912.47
1575590400.0,2019-12-06,LTCUSD,44.81,45.54,44.17,45.43,7342.02,331672.49
1575504000.0,2019-12-05,LTCUSD,44.68,45.33,43.75,44.81,9320.24,414897.99
1575417600.0,2019-12-04,LTCUSD,44.28,47.29,43.87,44.68,9297.36,427463.93
1575331200.0,2019-12-03,LTCUSD,45.75,46.22,44.35,44.75,2360.13,107484.4
1575244800.0,2019-12-02,LTCUSD,47.49,47.52,44.86,45.75,1251.55,57124.71
1575158400.0,2019-12-01,LTCUSD,47.31,48.26,45.7,47.69,1962.06,92626.25
1575072000.0,2019-11-30,LTCUSD,48.74,48.89,46.7,47.31,729.33,34764.39
1574985600.0,2019-11-29,LTCUSD,46.94,49.34,46.94,48.74,3732.75,182116.76
1574899200.0,2019-11-28,LTCUSD,47.87,48,46.48,46.94,730.87,34773.56
1574812800.0,2019-11-27,LTCUSD,47.17,48.65,44.71,47.87,4929.61,231656.99
1574726400.0,2019-11-26,LTCUSD,45.95,47.49,45.44,47.17,830.61,38711.3
1574640000.0,2019-11-25,LTCUSD,43.73,47.33,42.21,45.95,4815.04,215282.67
1574553600.0,2019-11-24,LTCUSD,48.31,48.31,43.66,43.73,2469.04,111647.59
1574467200.0,2019-11-23,LTCUSD,46.77,48.75,46.35,48.31,1078.73,51520.42
1574380800.0,2019-11-22,LTCUSD,50.68,51.48,43.66,47.6,8083.31,375717.37
1574294400.0,2019-11-21,LTCUSD,55,55.12,48.01,50.68,5009.94,257953.14
1574208000.0,2019-11-20,LTCUSD,55.23,55.97,54.61,55,466.64,25772.06
1574121600.0,2019-11-19,LTCUSD,55.81,55.98,54.23,55.08,976.38,53687.61
1574035200.0,2019-11-18,LTCUSD,59.13,59.13,53.77,55.91,2907.16,162720.88
1573948800.0,2019-11-17,LTCUSD,58.39,59.93,57.57,59.13,825.44,48808.62
1573862400.0,2019-11-16,LTCUSD,57.51,58.7,57.18,58.39,724.39,41947.66
1573776000.0,2019-11-15,LTCUSD,59.01,60.6,56.15,57.51,2210.38,128282.82
1573689600.0,2019-11-14,LTCUSD,60.85,60.9,58.28,59.01,2280.43,134408.33
1573603200.0,2019-11-13,LTCUSD,61.17,61.81,60.25,60.85,1009.54,61470.38
1573516800.0,2019-11-12,LTCUSD,61.61,62.16,59.69,61.17,821.8,50079.51
1573430400.0,2019-11-11,LTCUSD,63.91,64.44,61.03,61.61,1548.54,96320.57
1573344000.0,2019-11-10,LTCUSD,62.29,66.11,61.13,63.86,3097.67,196329.05
1573257600.0,2019-11-09,LTCUSD,60.86,62.52,60.4,62.29,808.31,49500.26
1573171200.0,2019-11-08,LTCUSD,61.33,62.41,58.88,60.47,2709.99,163196.16
1573084800.0,2019-11-07,LTCUSD,64.31,64.31,60.39,61.33,1285.17,79789.15
1572998400.0,2019-11-06,LTCUSD,63.03,64.26,62.55,63.9,639.93,40431.9
1572912000.0,2019-11-05,LTCUSD,61.55,64.25,61.29,63.18,4172.92,263523.6
1572825600.0,2019-11-04,LTCUSD,58.35,62.85,58.01,61.42,1839.58,112184.03
1572739200.0,2019-11-03,LTCUSD,58.43,58.86,57.44,58.35,488.44,28339.76
1572652800.0,2019-11-02,LTCUSD,58.24,59.26,57.9,58.43,505.22,29550.45
1572566400.0,2019-11-01,LTCUSD,58.47,58.83,56.89,58.24,1490.59,86192.71
1572480000.0,2019-10-31,LTCUSD,57.86,59.6,57.18,58.47,1417.38,82834.58
1572393600.0,2019-10-30,LTCUSD,60,61.09,57.11,57.86,1127.47,65951.24
1572307200.0,2019-10-29,LTCUSD,58.25,60.79,57.87,59.93,3838.69,230547.43
1572220800.0,2019-10-28,LTCUSD,59.93,62,57.64,57.82,2428.57,143830.36
1572134400.0,2019-10-27,LTCUSD,56.93,63,55.9,59.93,5150.54,311569.38
1572048000.0,2019-10-26,LTCUSD,56.63,63.9,54.28,56.93,7146.76,411935.06
1571961600.0,2019-10-25,LTCUSD,49.78,58.7,49.16,56.63,3957.01,218397.43
1571875200.0,2019-10-24,LTCUSD,49.52,50.27,48.41,49.78,1585.55,78336.24
1571788800.0,2019-10-23,LTCUSD,53.31,53.48,47.26,49.52,4166.87,206893.36
1571702400.0,2019-10-22,LTCUSD,54.77,55.03,53.16,53.44,859.65,46830.9
1571616000.0,2019-10-21,LTCUSD,54.83,55.64,53.9,54.77,592.86,32344.13
1571529600.0,2019-10-20,LTCUSD,53.71,55.52,52.77,54.83,950.36,51799.3
1571443200.0,2019-10-19,LTCUSD,53.19,54.23,52.73,53.71,665.82,35709.38
1571356800.0,2019-10-18,LTCUSD,54.83,54.83,52.16,53.19,1455.25,77775.17
1571270400.0,2019-10-17,LTCUSD,52.43,55.12,51.62,54.83,7044.58,375315.18
1571184000.0,2019-10-16,LTCUSD,54.64,55.05,50.25,52.47,2534.28,131180.11
1571097600.0,2019-10-15,LTCUSD,56.71,57.37,53.67,54.64,8197.18,460764.04
1571011200.0,2019-10-14,LTCUSD,56.42,57.11,56.21,56.71,1159.63,65812.26
1570924800.0,2019-10-13,LTCUSD,55.82,57.64,55.71,56.42,973.03,55223.89
1570838400.0,2019-10-12,LTCUSD,55.97,56.56,55.68,55.82,689.71,38705.69
1570752000.0,2019-10-11,LTCUSD,57.4,58.48,55.53,55.75,2052.34,115615.99
1570665600.0,2019-10-10,LTCUSD,59.41,59.55,57.4,57.4,1136.65,66240.98
1570579200.0,2019-10-09,LTCUSD,57.06,59.99,56.96,59.41,1661.08,97982.1
1570492800.0,2019-10-08,LTCUSD,57.71,58.31,56.55,57.06,548.74,31431.24
1570406400.0,2019-10-07,LTCUSD,54.12,58.65,53.76,57.71,1433.63,81064.07
1570320000.0,2019-10-06,LTCUSD,56.7,56.81,53.02,54.43,2469.53,134425.25
1570233600.0,2019-10-05,LTCUSD,56.57,57.46,55.8,56.79,661.27,37305.3
1570147200.0,2019-10-04,LTCUSD,56.68,57.44,55.25,56.57,1079.27,61055.46
1570060800.0,2019-10-03,LTCUSD,56.55,57,53.66,56.68,2870.71,159581.04
1569974400.0,2019-10-02,LTCUSD,55.91,56.59,55.34,56.55,1208.1,67385.39
1569888000.0,2019-10-01,LTCUSD,56.05,57.63,54.99,55.91,4125.15,230435.69
1569801600.0,2019-09-30,LTCUSD,54.02,56.21,52.52,56.05,2557.16,139465.17
1569715200.0,2019-09-29,LTCUSD,55.35,55.35,52.28,54.02,1490.82,80235.22
1569628800.0,2019-09-28,LTCUSD,56.15,56.18,54.06,55.41,1236.01,68279.08
1569542400.0,2019-09-27,LTCUSD,54.91,57.12,52.73,55.91,6768.17,370141.54
1569456000.0,2019-09-26,LTCUSD,57.14,57.36,50.34,55.07,6246.97,336445.74
1569369600.0,2019-09-25,LTCUSD,55,58.48,53.12,57.14,10420.81,588028.46
1569283200.0,2019-09-24,LTCUSD,66.42,67.15,55,55,15230.98,914147.39
1569196800.0,2019-09-23,LTCUSD,72.36,74,61.48,66.42,3803.53,256706.34
1569110400.0,2019-09-22,LTCUSD,73.24,73.24,71.05,72.36,1392.86,100297.75
1569024000.0,2019-09-21,LTCUSD,75.16,75.54,71.84,73.24,2028.86,148826.6
1568937600.0,2019-09-20,LTCUSD,76.66,76.66,73,75.16,4658.1,346885.04
1568851200.0,2019-09-19,LTCUSD,77.86,77.86,72.7,77.28,6613.04,501409.93
1568764800.0,2019-09-18,LTCUSD,74.19,79.99,74.19,77.86,4841.69,372499.2
1568678400.0,2019-09-17,LTCUSD,72.79,77.52,72.33,74.19,5958.5,447003.21
1568592000.0,2019-09-16,LTCUSD,70.35,73.73,69.65,72.21,5479.87,390944.25
1568505600.0,2019-09-15,LTCUSD,70.84,71.27,70.76,71.27,1.488,105.94
1568419200.0,2019-09-14,LTCUSD,68.97,71.35,68.36,70.84,1055.52,73866.78
1568332800.0,2019-09-13,LTCUSD,69,69.44,67.49,68.97,1546.8,105473.43
1568246400.0,2019-09-12,LTCUSD,69.87,69.91,68.34,69,2349.56,162573.7
1568160000.0,2019-09-11,LTCUSD,70.35,71.5,68.49,69.87,1002.63,69929.32
1568073600.0,2019-09-10,LTCUSD,70.3,73,69.88,70.35,4174.26,297937.0
1567987200.0,2019-09-09,LTCUSD,70.45,71.37,67.95,70.3,1267.44,87563.47
1567900800.0,2019-09-08,LTCUSD,69.27,71.53,68.68,70.45,2052.2,144051.7
1567814400.0,2019-09-07,LTCUSD,64.97,70.43,64.66,69.27,1790.84,122977.39
1567728000.0,2019-09-06,LTCUSD,65.41,68.02,64.03,64.97,3466.45,229825.24
1567641600.0,2019-09-05,LTCUSD,67.11,67.26,64.43,65.41,1992.05,129808.38
1567555200.0,2019-09-04,LTCUSD,69.03,69.28,66.67,67.11,2223.18,150455.37
1567468800.0,2019-09-03,LTCUSD,67.14,70.83,66.81,69.03,4415.38,303562.91
1567382400.0,2019-09-02,LTCUSD,66.2,68.1,65.09,67.14,3023.22,202379.0
1567296000.0,2019-09-01,LTCUSD,64.55,67.22,64.3,66.2,2718.72,179567.96
1567209600.0,2019-08-31,LTCUSD,64.28,65.22,62.26,64.55,1817.29,116321.94
1567123200.0,2019-08-30,LTCUSD,63.64,65.37,62.18,64.28,1708.33,108668.59
1567036800.0,2019-08-29,LTCUSD,66.6,66.6,62.27,63.64,2766.54,178704.05
1566950400.0,2019-08-28,LTCUSD,72.65,72.96,64.49,66.87,10829.85,736652.87
1566864000.0,2019-08-27,LTCUSD,73.24,73.5,72,72.65,1688.47,122414.11
1566777600.0,2019-08-26,LTCUSD,74.7,75.1,72.83,73.6,1355.09,100298.88
1566691200.0,2019-08-25,LTCUSD,73.69,74.81,70.89,72.38,315.99,22942.8
1566604800.0,2019-08-24,LTCUSD,75.7,75.7,71.51,73.69,958.21,70067.41
1566518400.0,2019-08-23,LTCUSD,73.38,75.9,72.65,75.7,1122.13,83243.49
1566432000.0,2019-08-22,LTCUSD,73.01,74.57,71.01,73.38,1517.12,111020.43
1566345600.0,2019-08-21,LTCUSD,75.35,75.35,70,73.01,2612.05,189883.07
1566259200.0,2019-08-20,LTCUSD,77.34,77.34,73.47,74.98,1491.62,112524.35
1566172800.0,2019-08-19,LTCUSD,76.42,78.83,75.82,77.34,2005.55,155397.53
1566086400.0,2019-08-18,LTCUSD,72.86,77.9,71.53,76.42,1411.51,105643.66
1566000000.0,2019-08-17,LTCUSD,74.81,75.18,71.74,72.86,744.15,54646.72
1565913600.0,2019-08-16,LTCUSD,76,76.19,72.29,74.81,2113.35,157539.05
1565827200.0,2019-08-15,LTCUSD,75.68,77.41,71.01,76.79,3482.67,261154.71
1565740800.0,2019-08-14,LTCUSD,84.22,85.79,74.82,75.68,5966.92,478259.75
1565654400.0,2019-08-13,LTCUSD,85.82,86.38,83.07,84.22,1710.48,144759.67
1565568000.0,2019-08-12,LTCUSD,89.2,89.27,85.25,85.82,1021.47,88824.74
1565481600.0,2019-08-11,LTCUSD,85.51,91.04,85.49,90,1373.81,121749.39
1565395200.0,2019-08-10,LTCUSD,84.33,87.22,81.66,85.51,2294.8,193362.11
1565308800.0,2019-08-09,LTCUSD,90.35,90.35,82.49,84.33,2975.06,254176.91
1565222400.0,2019-08-08,LTCUSD,90.59,92.75,87.71,90.35,2814.73,253149.03
1565136000.0,2019-08-07,LTCUSD,93.04,94.35,87.23,90.59,5772.01,524636.27
1565049600.0,2019-08-06,LTCUSD,96.07,99.1,91.13,93.04,5820.74,552032.53
1564963200.0,2019-08-05,LTCUSD,95.93,106.79,94.14,96.17,12774.02,1263421.44
1564876800.0,2019-08-04,LTCUSD,94.01,94.58,90.72,93.44,1630.59,150738.69
1564790400.0,2019-08-03,LTCUSD,94.6,96.37,93.8,94.01,925.23,88218.67
1564704000.0,2019-08-02,LTCUSD,98.75,98.83,92.7,94.6,3133.71,299689.26
1564617600.0,2019-08-01,LTCUSD,98.91,100.6,95.91,98.75,2983.25,293291.19
1564531200.0,2019-07-31,LTCUSD,90.38,99.79,90.12,98.91,4091.34,390644.64
1564444800.0,2019-07-30,LTCUSD,90.47,92.52,88.72,90.38,1550.6,140587.8
1564358400.0,2019-07-29,LTCUSD,89.82,92.18,87.53,90.47,2331.05,209496.96
1564272000.0,2019-07-28,LTCUSD,88.75,90.65,83.4,89.82,3380.51,293431.6
1564185600.0,2019-07-27,LTCUSD,94.45,96.53,86.5,88.75,3015.15,273494.87
1564099200.0,2019-07-26,LTCUSD,92.07,94.59,90.25,94.45,2426.62,224841.35
1564012800.0,2019-07-25,LTCUSD,94.85,96.48,91.53,93.49,3818.79,360794.59
1563926400.0,2019-07-24,LTCUSD,89.9,97.09,86.46,94.85,5437.34,496710.15
1563840000.0,2019-07-23,LTCUSD,94.93,94.99,88.68,89.9,8109.81,738865.74
1563753600.0,2019-07-22,LTCUSD,99.96,100.75,91,94.93,6686.52,632492.86
1563667200.0,2019-07-21,LTCUSD,100.65,101.48,96.68,99.96,3841.49,381637.99
1563580800.0,2019-07-20,LTCUSD,98.26,105.88,97.66,100.65,5924.48,599122.67
1563494400.0,2019-07-19,LTCUSD,101.1,101.36,94.95,98.26,7548.43,740973.55
1563408000.0,2019-07-18,LTCUSD,90.15,104.52,87.26,101.1,11684.36,1130912.27
1563321600.0,2019-07-17,LTCUSD,79.81,94.9,77.16,90.15,11663.76,1023799.78
1563235200.0,2019-07-16,LTCUSD,90.59,92.01,76.62,79.81,10357.87,857398.46
1563148800.0,2019-07-15,LTCUSD,89.83,92.69,84.97,90.59,7042.75,623353.04
1563062400.0,2019-07-14,LTCUSD,100.92,101.67,88.02,89.83,7183.41,663474.83
1562976000.0,2019-07-13,LTCUSD,104.82,105.2,97.68,100.92,2654.48,270427.22
1562889600.0,2019-07-12,LTCUSD,103.18,106.92,100.93,104.82,2817.97,294058.3
1562803200.0,2019-07-11,LTCUSD,107.85,107.85,95.28,103.18,6384.05,649233.46
1562716800.0,2019-07-10,LTCUSD,119.32,120.41,102.06,107.85,9678.7,1056229.55
1562630400.0,2019-07-09,LTCUSD,123.42,124.24,118,119.32,4218.43,511252.67
1562544000.0,2019-07-08,LTCUSD,119.2,125.55,118.5,123.42,3139.07,380473.31
1562457600.0,2019-07-07,LTCUSD,118.3,121,117.37,119.2,1373.98,163775.92
1562371200.0,2019-07-06,LTCUSD,118.87,121.91,117.28,118.3,1481.36,176845.24
1562284800.0,2019-07-05,LTCUSD,119.39,120.75,116.74,118.87,3057.3,363215.48
1562198400.0,2019-07-04,LTCUSD,122,127.1,118.83,119.39,4606.3,564910.12
1562112000.0,2019-07-03,LTCUSD,117.95,123.05,117.22,122,5338.5,645161.55
1562025600.0,2019-07-02,LTCUSD,122.75,123.43,112,117.95,6922.2,807046.28
1561939200.0,2019-07-01,LTCUSD,121.69,126.18,113.16,122.75,5529.3,659817.58
1561852800.0,2019-06-30,LTCUSD,133.32,136.16,119.87,121.69,6920.18,888931.08
1561766400.0,2019-06-29,LTCUSD,119.45,135.6,115.18,133.32,7162.15,909044.86
1561680000.0,2019-06-28,LTCUSD,114.07,121.64,112.43,119.45,4678.86,549316.96
1561593600.0,2019-06-27,LTCUSD,130.27,130.8,109.78,114.07,9885.97,1158689.95
1561507200.0,2019-06-26,LTCUSD,135.77,137.72,123,130.27,11099.81,1471112.83
1561420800.0,2019-06-25,LTCUSD,135.6,138.01,128.77,135.77,4139.3,554366.74
1561334400.0,2019-06-24,LTCUSD,136.46,136.46,131.57,135.6,4215.33,566303.51
1561248000.0,2019-06-23,LTCUSD,141.23,142.21,135.01,136.46,5371.93,746758.88
1561161600.0,2019-06-22,LTCUSD,139.06,145.95,137.13,141.23,13369.02,1893446.37
1561075200.0,2019-06-21,LTCUSD,135.16,141.5,135.16,139.06,4772.36,659042.82
1560988800.0,2019-06-20,LTCUSD,136.9,137.09,133.69,135.16,1809.27,244903.79
1560902400.0,2019-06-19,LTCUSD,135.17,139.5,133.97,136.9,4551.68,624195.53
1560816000.0,2019-06-18,LTCUSD,133.78,136.6,129,135.17,6000.15,798748.41
1560729600.0,2019-06-17,LTCUSD,136.95,137.24,132.2,133.78,5653.79,760247.35
1560643200.0,2019-06-16,LTCUSD,138.27,138.87,134,136.95,4143.23,564749.77
1560556800.0,2019-06-15,LTCUSD,132.54,139.89,132.54,138.27,3399.96,464971.92
1560470400.0,2019-06-14,LTCUSD,131,133.1,125.83,132.54,7167.23,925645.66
1560384000.0,2019-06-13,LTCUSD,136,136.95,128.13,131,10623.92,1394916.62
1560297600.0,2019-06-12,LTCUSD,136.2,144.06,130.74,136,12223.72,1683135.32
1560211200.0,2019-06-11,LTCUSD,129.58,139,125.7,136.2,12276.63,1611458.77
1560124800.0,2019-06-10,LTCUSD,115.15,130.41,112.82,129.58,16623.14,2064016.37
1560038400.0,2019-06-09,LTCUSD,118.63,119.2,111.83,115.15,3771.21,431217.38
1559952000.0,2019-06-08,LTCUSD,117.35,120.35,114.16,118.63,3338.17,391456.27
1559865600.0,2019-06-07,LTCUSD,111.63,121.39,109.83,117.35,10791.43,1258108.01
1559779200.0,2019-06-06,LTCUSD,104,112.08,101.29,111.63,5326.27,567967.74
1559692800.0,2019-06-05,LTCUSD,101.88,105.07,100.37,104,2738.43,281193.83
1559606400.0,2019-06-04,LTCUSD,106.36,106.36,97.78,101.88,7144.06,727661.84
1559520000.0,2019-06-03,LTCUSD,114.97,116.2,104.65,106.36,6076.82,668109.13
1559433600.0,2019-06-02,LTCUSD,111.55,116.7,111.55,114.97,1617.58,185087.91
1559347200.0,2019-06-01,LTCUSD,114.15,116,111.11,111.55,1774.98,201779.82
1559260800.0,2019-05-31,LTCUSD,108.05,114.23,104.42,114.15,2786.61,303501.05
1559174400.0,2019-05-30,LTCUSD,114.9,120.45,102,108.05,13243.52,1497952.01
1559088000.0,2019-05-29,LTCUSD,114.4,118.57,108.75,114.9,8008.11,926497.65
1559001600.0,2019-05-28,LTCUSD,116.86,117.89,111.63,114.4,3531.55,403555.93
1558915200.0,2019-05-27,LTCUSD,113,121.7,111,116.86,9010.77,1031726.25
1558828800.0,2019-05-26,LTCUSD,102.98,114.63,99,113,9558.46,1026366.5
1558742400.0,2019-05-25,LTCUSD,100.72,105,98.99,102.98,5483.92,562493.56
1558656000.0,2019-05-24,LTCUSD,88.9,104.2,88.68,100.72,8586.78,831233.88
1558569600.0,2019-05-23,LTCUSD,87.79,90,85,88.9,1946.44,170222.57
1558483200.0,2019-05-22,LTCUSD,92,92.19,85.9,87.79,16456.32,1466919.33
1558396800.0,2019-05-21,LTCUSD,91.87,93.52,89.51,92,4227.79,387070.71
1558310400.0,2019-05-20,LTCUSD,94.94,94.94,87.74,91.87,8749.58,798970.62
1558224000.0,2019-05-19,LTCUSD,86.73,97.12,86.4,94.94,8629.9,812214.44
1558137600.0,2019-05-18,LTCUSD,89.98,90.5,85.45,86.73,4156.58,365927.84
1558051200.0,2019-05-17,LTCUSD,95.49,97.31,82.03,89.98,16921.23,1479067.41
1557964800.0,2019-05-16,LTCUSD,102.75,107.45,90.42,95.49,23137.37,2307154.09
1557878400.0,2019-05-15,LTCUSD,91.91,104.41,90.81,102.75,18608.69,1817750.46
1557792000.0,2019-05-14,LTCUSD,87.56,94.43,86.41,91.91,9544.81,858019.38
1557705600.0,2019-05-13,LTCUSD,84.66,93.3,84.51,87.56,14772.08,1320525.39
1557619200.0,2019-05-12,LTCUSD,88.72,94,83.55,84.66,13954.36,1226829.14
1557532800.0,2019-05-11,LTCUSD,76.65,95.87,76.65,88.72,19939.42,1749421.21
1557446400.0,2019-05-10,LTCUSD,73.93,79,72.48,76.65,4512.01,344437.75
1557360000.0,2019-05-09,LTCUSD,73.82,75.5,72.3,73.93,1911.73,141219.31
1557273600.0,2019-05-08,LTCUSD,73.06,74.77,71.3,73.82,1833.52,134027.03
1557187200.0,2019-05-07,LTCUSD,74.29,77.8,74.27,76.25,854.85,65783.82
1557100800.0,2019-05-06,LTCUSD,75.08,76,71.06,74.29,6034.55,436618.21
1557014400.0,2019-05-05,LTCUSD,77.23,77.38,74.57,75.08,1594.47,120147.58
1556928000.0,2019-05-04,LTCUSD,77.74,81.32,73.89,77.23,1999.31,154325.36
1556841600.0,2019-05-03,LTCUSD,72.42,79.64,71.98,77.74,2192.27,169346.7
1556755200.0,2019-05-02,LTCUSD,72.25,73.47,71.6,72.42,812.85,58661.34
1556668800.0,2019-05-01,LTCUSD,73.4,74.52,71.25,72.25,1543.65,112319.36
1556582400.0,2019-04-30,LTCUSD,66.6,73.82,66.6,73.4,2140.43,150709.56
1556496000.0,2019-04-29,LTCUSD,67.46,68.48,65.39,66.6,2373.85,157214.35
1556409600.0,2019-04-28,LTCUSD,70.43,70.7,67.08,67.46,890.82,60869.59
1556323200.0,2019-04-27,LTCUSD,71.29,71.79,70.17,70.43,1031.32,73334.58
1556236800.0,2019-04-26,LTCUSD,70.56,72.89,68.98,71.29,2434.78,172853.31
1556150400.0,2019-04-25,LTCUSD,73.16,74.63,66.1,70.56,5287.67,374583.12
1556064000.0,2019-04-24,LTCUSD,74.26,75,70.59,73.16,5978.29,429872.99
1555977600.0,2019-04-23,LTCUSD,76.98,79.61,74,74.26,4566.93,352864.61
1555891200.0,2019-04-22,LTCUSD,77.5,78.21,75.6,76.98,3571.09,276192.74
1555804800.0,2019-04-21,LTCUSD,81.05,81.82,73.49,77.5,5003.74,379986.04
1555718400.0,2019-04-20,LTCUSD,82.61,83,80,81.05,1588.21,129828.01
1555632000.0,2019-04-19,LTCUSD,82.21,83.6,80.33,82.61,1447.08,118400.41
1555545600.0,2019-04-18,LTCUSD,79.33,83.75,79.32,82.21,1997.45,163281.41
1555459200.0,2019-04-17,LTCUSD,81,81.86,78.73,79.33,1118.6,89367.92
1555372800.0,2019-04-16,LTCUSD,78.48,81.81,77.3,81,3189.82,254185.07
1555286400.0,2019-04-15,LTCUSD,83.5,84.42,75.24,78.48,4035.66,319669.69
1555200000.0,2019-04-14,LTCUSD,78.03,83.68,76.66,83.5,1357.08,108050.94
1555113600.0,2019-04-13,LTCUSD,79.17,81.21,76.51,78.03,2573.3,202666.37
1555027200.0,2019-04-12,LTCUSD,79.51,80.83,75.47,79.17,2597.16,203274.04
1554940800.0,2019-04-11,LTCUSD,88.21,88.29,75.6,79.51,8000.52,639093.01
1554854400.0,2019-04-10,LTCUSD,86.84,91.66,86.78,88.21,5089.32,453822.88
1554768000.0,2019-04-09,LTCUSD,89.21,89.73,84.33,86.84,1490.11,129293.97
1554681600.0,2019-04-08,LTCUSD,90.91,94,86.65,89.21,3416.87,303858.49
1554595200.0,2019-04-07,LTCUSD,92.61,95.6,89.02,90.91,2244.69,208536.66
1554508800.0,2019-04-06,LTCUSD,88.62,97.7,86,92.61,3813.54,354020.98
1554422400.0,2019-04-05,LTCUSD,84.73,90.36,84.55,88.62,2073.39,181401.84
1554336000.0,2019-04-04,LTCUSD,85.2,89.8,80,84.73,4917.13,419710.19
1554249600.0,2019-04-03,LTCUSD,77.4,99.5,76.57,85.2,27876.42,2415249.47
1554163200.0,2019-04-02,LTCUSD,60.36,78.55,60.11,77.4,17904.9,1239410.33
1554076800.0,2019-04-01,LTCUSD,60.42,60.73,60.02,60.36,386.62,23321.91
1552953600.0,2019-03-19,LTCUSD,59.03,59.59,58.87,59.14,20.02,1184.33
1552867200.0,2019-03-18,LTCUSD,60.37,62.2,57.97,59.03,2298.4,135958.25
1552780800.0,2019-03-17,LTCUSD,60.85,60.96,59.49,60.37,1842.29,111074.62
1552694400.0,2019-03-16,LTCUSD,58.04,61.43,58.04,60.85,2245.97,136178.81
1552608000.0,2019-03-15,LTCUSD,55.55,58.61,55.55,58.04,1659.13,95105.4
1552521600.0,2019-03-14,LTCUSD,55.28,57.85,53.05,55.55,2620.54,144479.64
1552435200.0,2019-03-13,LTCUSD,56.34,56.4,54.5,55.28,1366.11,75553.19
1552348800.0,2019-03-12,LTCUSD,54.73,56.63,52.28,56.34,1917.65,105344.05
1552262400.0,2019-03-11,LTCUSD,57.04,57.04,53.83,54.73,1265.61,69326.92
1552176000.0,2019-03-10,LTCUSD,57.34,57.61,55.81,57.04,1041.55,59017.88
1552089600.0,2019-03-09,LTCUSD,55.02,59,55.02,57.34,1196.73,68734.36
1552003200.0,2019-03-08,LTCUSD,56.62,57.15,54,55.02,2348.79,130787.59
1551916800.0,2019-03-07,LTCUSD,55.06,58.78,53.83,56.62,2956.6,166385.55
1551830400.0,2019-03-06,LTCUSD,52.37,56.45,51.34,55.06,3811.32,204630.77
1551744000.0,2019-03-05,LTCUSD,45.21,54,45.21,52.37,4333.6,223029.88
1551657600.0,2019-03-04,LTCUSD,47.1,47.8,44.58,45.21,2322.43,105807.3
1551571200.0,2019-03-03,LTCUSD,48.09,48.8,47.1,47.1,1160.14,55945.2
1551484800.0,2019-03-02,LTCUSD,47.03,49,46,48.09,1232.6,59296.96
1551398400.0,2019-03-01,LTCUSD,45.69,49,45.4,47.03,1482.17,69839.82
1551312000.0,2019-02-28,LTCUSD,43.7,43.7,43.7,43.7,0.0,0.0
1551225600.0,2019-02-27,LTCUSD,44.7,45.25,42.27,43.7,1714.54,75936.43
1551139200.0,2019-02-26,LTCUSD,45.29,45.61,44,44.7,3113.99,139691.63
1551052800.0,2019-02-25,LTCUSD,43.66,46.56,43.53,45.29,4163.28,187409.51
1550966400.0,2019-02-24,LTCUSD,51.1,53.27,42.44,43.66,7830.5,354990.59
1550880000.0,2019-02-23,LTCUSD,48.99,51.83,47.88,51.1,2066.15,103860.32
1550793600.0,2019-02-22,LTCUSD,48.53,49.35,47.73,48.99,2253.49,110063.93
1550707200.0,2019-02-21,LTCUSD,50.6,51.44,46.53,48.53,3178.77,154992.09
1550620800.0,2019-02-20,LTCUSD,47.18,52.67,46.13,50.6,3264.86,162618.01
1550534400.0,2019-02-19,LTCUSD,47.22,48.99,46.32,47.18,1655.78,78721.32
1550448000.0,2019-02-18,LTCUSD,43.54,48.7,43.25,47.22,4014.39,185950.63
1550361600.0,2019-02-17,LTCUSD,43,44.3,42.12,43.54,1843.23,78909.4
1550275200.0,2019-02-16,LTCUSD,42.1,43.85,41.81,43,2093.85,90827.95
1550188800.0,2019-02-15,LTCUSD,41.29,44,40.75,42.1,3435.47,144547.23
1550102400.0,2019-02-14,LTCUSD,41.3,41.99,40,41.29,1001.18,41127.45
1550016000.0,2019-02-13,LTCUSD,43.8,43.98,40.08,41.3,1288.46,53602.87
1549929600.0,2019-02-12,LTCUSD,42.54,44,41.55,43.8,1511.98,64809.49
1549843200.0,2019-02-11,LTCUSD,46.51,46.51,41.47,42.54,4650.7,200208.81
1549756800.0,2019-02-10,LTCUSD,44.39,46.71,41.9,46.51,3468.37,156897.47
1549670400.0,2019-02-09,LTCUSD,43.3,45.82,41.75,44.39,4675.75,204802.75
1549584000.0,2019-02-08,LTCUSD,32.71,44.87,32.44,43.3,7574.4,313481.47
1549497600.0,2019-02-07,LTCUSD,32.3,33.89,32.3,32.71,993.53,32581.42
1549411200.0,2019-02-06,LTCUSD,34.02,34.13,31.88,32.3,3385.1,109943.54
1549324800.0,2019-02-05,LTCUSD,33.7,34.1,33.3,34.02,696.98,23523.22
1549238400.0,2019-02-04,LTCUSD,33.22,34.21,33.06,33.7,1171.92,39342.71
1549152000.0,2019-02-03,LTCUSD,34.5,34.5,32.49,33.22,4281.81,144631.46
1549065600.0,2019-02-02,LTCUSD,32.56,34.5,32.21,34.5,1668.65,54963.43
1548979200.0,2019-02-01,LTCUSD,31.23,33.13,30.54,32.56,3026.78,94967.33
1548892800.0,2019-01-31,LTCUSD,31.43,32.2,30.9,31.23,1195.28,37412.69
1548806400.0,2019-01-30,LTCUSD,30.64,32.07,30.34,31.43,1516.38,47326.71
1548720000.0,2019-01-29,LTCUSD,30.93,32.23,29.82,30.64,832.72,25479.97
1548633600.0,2019-01-28,LTCUSD,31.98,32.11,29.9,30.93,5039.48,154197.81
1548547200.0,2019-01-27,LTCUSD,32.71,32.97,31.45,31.98,1402.78,45062.75
1548460800.0,2019-01-26,LTCUSD,32.65,34.3,32.59,32.71,1393.14,46165.3
1548374400.0,2019-01-25,LTCUSD,32.54,32.9,31.82,32.65,1777.67,57591.53
1548288000.0,2019-01-24,LTCUSD,31.69,33.1,31.21,32.54,2124.18,68378.39
1548201600.0,2019-01-23,LTCUSD,31.46,32.23,31.2,31.69,2597.58,82328.01
1548115200.0,2019-01-22,LTCUSD,31.03,31.84,29.27,31.46,3068.27,95669.3
1548028800.0,2019-01-21,LTCUSD,30.7,31.25,30.35,31.03,2512.4,77541.87
1547942400.0,2019-01-20,LTCUSD,32.23,33.19,30.27,30.7,910.19,28698.29
1547856000.0,2019-01-19,LTCUSD,30.83,33.2,30.83,32.23,2467.6,80272.37
1547769600.0,2019-01-18,LTCUSD,31.98,31.98,30.45,30.83,1590.71,49182.98
1547683200.0,2019-01-17,LTCUSD,31.53,31.98,30.08,31.98,3527.87,108837.02
1547596800.0,2019-01-16,LTCUSD,30.88,32.02,30.68,31.53,807.0,25344.9
1547510400.0,2019-01-15,LTCUSD,32.15,32.34,30.3,30.88,2733.66,86579.12
1547424000.0,2019-01-14,LTCUSD,29.76,32.77,29.76,32.15,1297.99,41000.35
1547337600.0,2019-01-13,LTCUSD,32.08,32.84,29.52,29.76,1802.57,54806.99
1547251200.0,2019-01-12,LTCUSD,31.46,33.28,31.32,32.08,1942.24,61701.87
1547164800.0,2019-01-11,LTCUSD,33.5,33.5,30,31.46,4249.18,137482.09
1547078400.0,2019-01-10,LTCUSD,38.63,39.14,31.88,33.5,7414.64,254364.76
1546992000.0,2019-01-09,LTCUSD,39.25,40,38.38,38.63,2731.94,106856.75
1546905600.0,2019-01-08,LTCUSD,37.6,41.72,37.6,39.25,5974.71,236624.95
1546819200.0,2019-01-07,LTCUSD,38.85,39.45,37.16,37.6,4679.68,177770.25
1546732800.0,2019-01-06,LTCUSD,34.42,40,34.32,38.85,6379.64,243957.23
1546646400.0,2019-01-05,LTCUSD,32.11,36.02,32.11,34.42,6263.24,217981.24
1546560000.0,2019-01-04,LTCUSD,31.65,32.77,30.91,32.11,3401.76,107436.91
1546473600.0,2019-01-03,LTCUSD,32.76,33.12,30.89,31.65,2765.88,88587.38
1546387200.0,2019-01-02,LTCUSD,31.41,33.58,31.41,32.76,2891.56,94126.24
1546300800.0,2019-01-01,LTCUSD,29.83,32.01,29.53,31.41,2157.05,66287.8
1546214400.0,2018-12-31,LTCUSD,31.67,31.67,29.36,29.83,5255.6,161072.28
1546128000.0,2018-12-30,LTCUSD,30.19,31.87,29.95,31.67,2773.83,85757.53
1546041600.0,2018-12-29,LTCUSD,32.32,36.66,30,30.19,5197.11,168527.12
1545955200.0,2018-12-28,LTCUSD,27.84,33.33,27.79,32.32,6253.15,194900.84
1545868800.0,2018-12-27,LTCUSD,30.62,31.18,27.4,27.84,2887.82,80684.24
1545782400.0,2018-12-26,LTCUSD,30.77,31.82,29.05,30.62,2413.92,72790.37
1545696000.0,2018-12-25,LTCUSD,32.51,33.16,29.6,30.77,5385.82,164496.45
1545609600.0,2018-12-24,LTCUSD,33.35,36.41,32.51,32.51,7764.18,272718.8
1545523200.0,2018-12-23,LTCUSD,31.5,33.89,31.5,33.35,2404.14,78630.67
1545436800.0,2018-12-22,LTCUSD,30.35,31.5,29.69,31.5,2330.67,70529.55
1545350400.0,2018-12-21,LTCUSD,32.42,32.84,29.6,30.35,6617.5,209408.69
1545264000.0,2018-12-20,LTCUSD,28.93,33,28.7,32.42,6537.62,207669.8
1545177600.0,2018-12-19,LTCUSD,30,32.58,28.8,28.93,5101.08,153106.0
1545091200.0,2018-12-18,LTCUSD,28.94,30.35,27.7,30,5697.81,165133.96
1545004800.0,2018-12-17,LTCUSD,25.31,30.3,25.26,28.94,3933.91,110387.54
1544918400.0,2018-12-16,LTCUSD,23.34,26.66,23.34,25.31,5714.36,146277.91
1544832000.0,2018-12-15,LTCUSD,23.08,24.71,22.92,23.34,1463.91,34015.2
1544745600.0,2018-12-14,LTCUSD,22.93,23.53,22.18,23.08,3964.64,90818.75
1544659200.0,2018-12-13,LTCUSD,23.9,24.24,22.68,22.93,2100.14,49193.2
1544572800.0,2018-12-12,LTCUSD,23.05,25,23.05,23.9,2957.49,71401.04
1544486400.0,2018-12-11,LTCUSD,23.83,24.38,22.81,23.05,1731.3,40239.17
1544400000.0,2018-12-10,LTCUSD,25.34,25.6,23.72,23.83,13363.45,326236.56
1544313600.0,2018-12-09,LTCUSD,24.12,26.31,22.53,25.34,4862.03,124648.99
1544227200.0,2018-12-08,LTCUSD,24.69,26.39,23,24.12,14943.08,360735.8
1544140800.0,2018-12-07,LTCUSD,26.18,28.45,22.25,24.69,11760.31,288979.0
1544054400.0,2018-12-06,LTCUSD,28.67,31,25.79,26.18,11995.43,331474.45
1543968000.0,2018-12-05,LTCUSD,30.91,30.98,28.67,28.67,3228.78,95184.68
1543881600.0,2018-12-04,LTCUSD,30.45,31.86,29.63,30.91,2764.11,85466.04
1543795200.0,2018-12-03,LTCUSD,33.23,33.46,29.64,30.45,7278.16,223045.33
1543708800.0,2018-12-02,LTCUSD,33.8,34.78,32.79,33.23,1803.61,60555.35
1543622400.0,2018-12-01,LTCUSD,31.79,34.81,31.01,33.8,3361.64,111813.71
1543536000.0,2018-11-30,LTCUSD,33.23,33.93,30.68,31.12,3506.76,112624.33
1543449600.0,2018-11-29,LTCUSD,34.34,35.72,32.67,33.23,2527.2,85778.7
1543363200.0,2018-11-28,LTCUSD,30.74,35.96,30.58,34.34,7751.16,261928.44
1543276800.0,2018-11-27,LTCUSD,29.11,30.88,28.37,30.74,4848.3,142647.28
1543190400.0,2018-11-26,LTCUSD,30.5,31.96,27.6,29.11,12331.39,361622.6
1543104000.0,2018-11-25,LTCUSD,28.6,31.83,26.26,30.5,14782.71,418764.05
1543017600.0,2018-11-24,LTCUSD,31.39,33,27.88,28.6,5047.79,149538.24
1542931200.0,2018-11-23,LTCUSD,31.34,32.85,30.14,31.39,1158.38,36334.24
1542844800.0,2018-11-22,LTCUSD,34.35,34.52,31.34,31.34,3075.63,102761.72
1542758400.0,2018-11-21,LTCUSD,32,34.81,31.19,34.35,3352.07,111130.93
1542672000.0,2018-11-20,LTCUSD,35.42,37.35,30.03,32,9395.95,303963.81
1542585600.0,2018-11-19,LTCUSD,41.68,41.68,34.87,35.42,6954.8,257889.84
1542499200.0,2018-11-18,LTCUSD,41.45,42.95,41.45,41.68,2185.62,92705.13
1542412800.0,2018-11-17,LTCUSD,41.75,42,41,41.45,4348.18,179433.11
1542326400.0,2018-11-16,LTCUSD,43.11,43.44,38.1,41.75,675.48,27532.32
1542240000.0,2018-11-15,LTCUSD,43.3,43.84,39.7,43.11,3308.84,138741.01
1542153600.0,2018-11-14,LTCUSD,48.83,49.85,37.37,43.3,5807.79,251825.27
1542067200.0,2018-11-13,LTCUSD,50.18,50.3,48.39,48.83,839.67,41859.53
1541980800.0,2018-11-12,LTCUSD,50.17,50.94,49.95,50.18,812.41,40895.86
1541894400.0,2018-11-11,LTCUSD,51.7,52.14,49.52,50.17,295.86,14927.31
1541808000.0,2018-11-10,LTCUSD,51.7,52.48,51.51,51.7,240.45,12471.64
1541721600.0,2018-11-09,LTCUSD,52.29,52.45,51.11,51.7,140.65,7285.12
1541635200.0,2018-11-08,LTCUSD,54.11,54.11,52.2,52.29,554.97,29354.89
1541548800.0,2018-11-07,LTCUSD,55.94,56.7,53.2,54.11,1086.89,59834.16
1541462400.0,2018-11-06,LTCUSD,53.3,55.94,53.26,55.94,1859.36,101376.06
1541376000.0,2018-11-05,LTCUSD,54.04,54.44,51.9,53.3,1078.63,57696.83
1541289600.0,2018-11-04,LTCUSD,51,55.7,50.72,54.04,602.57,32508.9
1541203200.0,2018-11-03,LTCUSD,51.11,51.29,50.22,51,93.24,4727.28
1541116800.0,2018-11-02,LTCUSD,50.23,51.56,50.23,51.11,678.66,34373.39
1541030400.0,2018-11-01,LTCUSD,49.42,50.28,48.9,50.23,334.14,16628.69
1540944000.0,2018-10-31,LTCUSD,48.96,50.32,47.8,49.42,977.8,47781.25
1540857600.0,2018-10-30,LTCUSD,48.58,49.11,48.3,48.96,342.52,16718.15
1540771200.0,2018-10-29,LTCUSD,51.56,51.57,47.51,48.58,1687.94,83044.83
1540684800.0,2018-10-28,LTCUSD,51.3,51.84,51.21,51.56,688.42,35371.9
1540598400.0,2018-10-27,LTCUSD,51.83,51.98,51.12,51.3,546.38,28074.15
1540512000.0,2018-10-26,LTCUSD,51.67,52,51.14,51.83,807.15,41531.69
1540425600.0,2018-10-25,LTCUSD,52,52.1,51.51,51.67,658.77,34066.75
1540339200.0,2018-10-24,LTCUSD,52.24,52.7,51.28,52,564.19,29376.61
1540252800.0,2018-10-23,LTCUSD,51.93,52.42,51.29,52.24,562.83,29266.83
1540166400.0,2018-10-22,LTCUSD,52,52.56,51.07,51.93,771.31,39955.49
1540080000.0,2018-10-21,LTCUSD,53.18,53.2,52,52,197.8,10414.61
1539993600.0,2018-10-20,LTCUSD,52.37,53.19,51.62,53.18,310.28,16341.28
1539907200.0,2018-10-19,LTCUSD,51.5,53.07,51.25,52.37,125.31,6552.72
1539820800.0,2018-10-18,LTCUSD,52.7,53.07,51,51.5,337.26,17644.49
1539734400.0,2018-10-17,LTCUSD,53.07,53.12,52,52.7,428.9,22524.82
1539648000.0,2018-10-16,LTCUSD,53.2,53.2,53.2,53.2,0.0,0.0
1539561600.0,2018-10-15,LTCUSD,50,56,50,53.2,1804.15,94506.18
1539475200.0,2018-10-14,LTCUSD,52.45,52.95,50,50,375.23,19273.02
1539388800.0,2018-10-13,LTCUSD,54,54.99,52.29,52.45,91.42,4832.27
1539302400.0,2018-10-12,LTCUSD,50,54.6,48.71,54,909.96,48798.11
1539216000.0,2018-10-11,LTCUSD,57.5,57.5,50,50,879.77,46803.9
1539129600.0,2018-10-10,LTCUSD,58.3,58.51,56,57.5,147.99,8466.49
1539043200.0,2018-10-09,LTCUSD,59.18,59.34,57.64,58.3,328.35,19401.26
1538956800.0,2018-10-08,LTCUSD,57.43,59.56,57.15,59.18,477.56,27916.76
1538870400.0,2018-10-07,LTCUSD,57.87,58.21,56.78,57.43,168.59,9706.56
1538784000.0,2018-10-06,LTCUSD,58.25,58.82,57,57.87,197.71,11382.44
1538697600.0,2018-10-05,LTCUSD,57.36,59.11,57.08,58.25,143.9,8290.68
1538611200.0,2018-10-04,LTCUSD,56.85,59.04,56.76,57.36,239.67,13929.06
1538524800.0,2018-10-03,LTCUSD,78.1,78.1,56.06,56.85,875.9,50541.78
1538438400.0,2018-10-02,LTCUSD,75.3,75.3,75.3,75.3,0.0,0.0
1538352000.0,2018-10-01,LTCUSD,75.3,75.3,75.3,75.3,0.0,0.0
1538265600.0,2018-09-30,LTCUSD,75.3,75.3,75.3,75.3,0.0,0.0
1538179200.0,2018-09-29,LTCUSD,75.3,75.3,75.3,75.3,0.0,0.0
1538092800.0,2018-09-28,LTCUSD,75.3,75.3,75.3,75.3,0.0,0.0
1538006400.0,2018-09-27,LTCUSD,75.3,75.3,75.3,75.3,0.0,0.0
1537920000.0,2018-09-26,LTCUSD,75.3,75.3,75.3,75.3,0.0,0.0
1537833600.0,2018-09-25,LTCUSD,75.3,75.3,75.3,75.3,0.0,0.0
1537747200.0,2018-09-24,LTCUSD,75.3,75.3,75.3,75.3,0.0,0.0
1537660800.0,2018-09-23,LTCUSD,75.3,75.3,75.3,75.3,0.0,0.0
1537574400.0,2018-09-22,LTCUSD,75.3,75.3,75.3,75.3,0.0,0.0
1537488000.0,2018-09-21,LTCUSD,75.3,75.3,75.3,75.3,0.0,0.0
1537401600.0,2018-09-20,LTCUSD,75.3,75.3,75.3,75.3,0.0,0.0
1537315200.0,2018-09-19,LTCUSD,75.3,75.3,75.3,75.3,0.0,0.0
1537228800.0,2018-09-18,LTCUSD,75.3,75.3,75.3,75.3,0.0,0.0
1537142400.0,2018-09-17,LTCUSD,75.3,75.3,75.3,75.3,0.0,0.0
1537056000.0,2018-09-16,LTCUSD,75.3,75.3,75.3,75.3,0.0,0.0
1536969600.0,2018-09-15,LTCUSD,75.3,75.3,75.3,75.3,0.0,0.0
1536883200.0,2018-09-14,LTCUSD,75.3,75.3,75.3,75.3,0.0,0.0
1536796800.0,2018-09-13,LTCUSD,75.3,75.3,75.3,75.3,0.0,0.0
1536710400.0,2018-09-12,LTCUSD,75.3,75.3,75.3,75.3,0.0,0.0
1536624000.0,2018-09-11,LTCUSD,75.3,75.3,75.3,75.3,0.0,0.0
1536537600.0,2018-09-10,LTCUSD,75.3,75.3,75.3,75.3,0.0,0.0
1536451200.0,2018-09-09,LTCUSD,75.3,75.3,75.3,75.3,0.0,0.0
1536364800.0,2018-09-08,LTCUSD,75.3,75.3,75.3,75.3,0.0,0.0
1536278400.0,2018-09-07,LTCUSD,75.3,75.3,75.3,75.3,0.0,0.0
1536192000.0,2018-09-06,LTCUSD,75.3,75.3,75.3,75.3,0.0,0.0
1536105600.0,2018-09-05,LTCUSD,75.3,75.3,75.3,75.3,0.0,0.0
1536019200.0,2018-09-04,LTCUSD,75.3,75.3,75.3,75.3,0.0,0.0
1535932800.0,2018-09-03,LTCUSD,75.3,75.3,75.3,75.3,0.0,0.0
1535846400.0,2018-09-02,LTCUSD,75.3,75.3,75.3,75.3,0.0,0.0
1535760000.0,2018-09-01,LTCUSD,75.3,75.3,75.3,75.3,0.0,0.0
1535673600.0,2018-08-31,LTCUSD,75.3,75.3,75.3,75.3,0.0,0.0
1535587200.0,2018-08-30,LTCUSD,75.3,75.3,75.3,75.3,0.0,0.0
1535500800.0,2018-08-29,LTCUSD,75.3,75.3,75.3,75.3,0.0,0.0
1535414400.0,2018-08-28,LTCUSD,75.3,75.3,75.3,75.3,0.0,0.0
1535328000.0,2018-08-27,LTCUSD,75.3,75.3,75.3,75.3,0.0,0.0
1535241600.0,2018-08-26,LTCUSD,75.3,75.3,75.3,75.3,0.0,0.0
1535155200.0,2018-08-25,LTCUSD,75.3,75.3,75.3,75.3,0.0,0.0
1535068800.0,2018-08-24,LTCUSD,75.3,75.3,75.3,75.3,0.0,0.0
1534982400.0,2018-08-23,LTCUSD,75.3,75.3,75.3,75.3,0.0,0.0
1534896000.0,2018-08-22,LTCUSD,75.3,75.3,75.3,75.3,0.0,0.0
1534809600.0,2018-08-21,LTCUSD,75.3,75.3,75.3,75.3,0.0,0.0
1534723200.0,2018-08-20,LTCUSD,75.3,75.3,75.3,75.3,0.0,0.0
1534636800.0,2018-08-19,LTCUSD,75.3,75.3,75.3,75.3,0.0,0.0
1534550400.0,2018-08-18,LTCUSD,75.3,75.3,75.3,75.3,0.0,0.0
1534464000.0,2018-08-17,LTCUSD,75.3,75.3,75.3,75.3,0.0,0.0
1534377600.0,2018-08-16,LTCUSD,75.3,75.3,75.3,75.3,0.0,0.0
1534291200.0,2018-08-15,LTCUSD,75.3,75.3,75.3,75.3,0.0,0.0
1534204800.0,2018-08-14,LTCUSD,75.3,75.3,75.3,75.3,0.0,0.0
1534118400.0,2018-08-13,LTCUSD,75.3,75.3,75.3,75.3,0.0,0.0
1534032000.0,2018-08-12,LTCUSD,75.3,75.3,75.3,75.3,0.0,0.0
1533945600.0,2018-08-11,LTCUSD,75.3,75.3,75.3,75.3,0.0,0.0
1533859200.0,2018-08-10,LTCUSD,75.3,75.3,75.3,75.3,0.0,0.0
1533772800.0,2018-08-09,LTCUSD,75.3,75.3,75.3,75.3,0.0,0.0
1533686400.0,2018-08-08,LTCUSD,75.3,75.3,75.3,75.3,0.0,0.0
1533600000.0,2018-08-07,LTCUSD,75.3,75.3,75.3,75.3,0.0,0.0
1533513600.0,2018-08-06,LTCUSD,75.3,75.3,75.3,75.3,0.0,0.0
1533427200.0,2018-08-05,LTCUSD,75.3,75.3,75.3,75.3,0.0,0.0
1533340800.0,2018-08-04,LTCUSD,75.3,75.3,75.3,75.3,0.0,0.0
1533254400.0,2018-08-03,LTCUSD,75.3,75.3,75.3,75.3,0.0,0.0
1533168000.0,2018-08-02,LTCUSD,75.3,75.3,75.3,75.3,0.0,0.0
1533081600.0,2018-08-01,LTCUSD,75.3,75.3,75.3,75.3,0.0,0.0
1532995200.0,2018-07-31,LTCUSD,75.3,75.3,75.3,75.3,0.0,0.0
1532908800.0,2018-07-30,LTCUSD,75.3,75.3,75.3,75.3,0.0,0.0
1532822400.0,2018-07-29,LTCUSD,75.3,75.3,75.3,75.3,0.0,0.0
1532736000.0,2018-07-28,LTCUSD,75.3,75.3,75.3,75.3,0.0,0.0
1532649600.0,2018-07-27,LTCUSD,75.3,75.3,75.3,75.3,0.0,0.0
1532563200.0,2018-07-26,LTCUSD,75.3,75.3,75.3,75.3,0.0,0.0
1532476800.0,2018-07-25,LTCUSD,75.3,75.3,75.3,75.3,0.0,0.0
1532390400.0,2018-07-24,LTCUSD,75.3,75.3,75.3,75.3,0.0,0.0
1532304000.0,2018-07-23,LTCUSD,75.3,75.3,75.3,75.3,0.0,0.0
1532217600.0,2018-07-22,LTCUSD,75.3,75.3,75.3,75.3,0.0,0.0
1532131200.0,2018-07-21,LTCUSD,75.3,75.3,75.3,75.3,0.0,0.0
1532044800.0,2018-07-20,LTCUSD,75.3,75.3,75.3,75.3,0.0,0.0
1531958400.0,2018-07-19,LTCUSD,75.3,75.3,75.3,75.3,0.0,0.0
1531872000.0,2018-07-18,LTCUSD,75.3,75.3,75.3,75.3,0.0,0.0
1531785600.0,2018-07-17,LTCUSD,75.3,75.3,75.3,75.3,0.0,0.0
1531699200.0,2018-07-16,LTCUSD,75.3,75.3,75.3,75.3,0.0,0.0
1531612800.0,2018-07-15,LTCUSD,75.3,75.3,75.3,75.3,0.0,0.0
1531526400.0,2018-07-14,LTCUSD,75.3,75.3,75.3,75.3,0.0,0.0
1531440000.0,2018-07-13,LTCUSD,75.3,75.3,75.3,75.3,0.0,0.0
1531353600.0,2018-07-12,LTCUSD,78.21,78.21,74.21,75.3,1424.84,106927.07
1531267200.0,2018-07-11,LTCUSD,76.12,81.24,75.6,78.21,4632.75,360313.59
1531180800.0,2018-07-10,LTCUSD,80,80.5,74.73,76.12,3584.07,273951.05
1531094400.0,2018-07-09,LTCUSD,81.84,83.22,79.9,80,6743.63,549993.24
1531008000.0,2018-07-08,LTCUSD,84.58,85.45,81.84,81.84,3668.24,308997.05
1530921600.0,2018-07-07,LTCUSD,83.29,85.2,79.43,84.58,2082.33,169489.47
1530835200.0,2018-07-06,LTCUSD,83.49,84.19,80.95,83.29,1545.43,127779.22
1530748800.0,2018-07-05,LTCUSD,85.03,87,81.8,83.49,2644.97,224173.87
1530662400.0,2018-07-04,LTCUSD,85.08,89,83,85.03,1938.31,167161.88
1530576000.0,2018-07-03,LTCUSD,85.5,89.76,83.6,85.08,4347.05,377601.4
1530489600.0,2018-07-02,LTCUSD,80,87.08,78.2,85.5,5935.32,494514.48
1530403200.0,2018-07-01,LTCUSD,81.27,81.49,77.81,80,2525.09,202020.98
1530316800.0,2018-06-30,LTCUSD,78.75,83.95,78.49,81.27,5034.55,409634.24
1530230400.0,2018-06-29,LTCUSD,74.64,80.7,72.47,78.75,5637.52,424341.32
1530144000.0,2018-06-28,LTCUSD,80.72,81.33,74,74.64,5739.94,446435.62
1530057600.0,2018-06-27,LTCUSD,75.5,81.84,74.83,80.72,4201.45,326808.44
1529971200.0,2018-06-26,LTCUSD,82.18,82.3,75.41,75.5,3989.35,317765.99
1529884800.0,2018-06-25,LTCUSD,80.97,84.2,78.6,82.18,3769.92,306813.29
1529798400.0,2018-06-24,LTCUSD,82.36,83.93,72.81,80.97,7662.56,596701.37
1529712000.0,2018-06-23,LTCUSD,84.63,86.45,81.29,82.36,2319.31,193763.26
1529625600.0,2018-06-22,LTCUSD,96.74,97,80.41,84.63,8161.52,711204.13
1529539200.0,2018-06-21,LTCUSD,98.24,98.95,95.7,96.74,1760.46,171416.99
1529452800.0,2018-06-20,LTCUSD,98.66,99.22,95.2,98.24,1618.29,156768.73
1529366400.0,2018-06-19,LTCUSD,98.88,101.45,96.71,98.66,2202.55,217212.7
1529280000.0,2018-06-18,LTCUSD,94.94,99.73,93,98.88,2057.64,198541.94
1529193600.0,2018-06-17,LTCUSD,97.02,98.14,94.94,94.94,1257.1,120679.83
1529107200.0,2018-06-16,LTCUSD,95.59,97.56,93.05,97.02,3554.73,339412.98
1529020800.0,2018-06-15,LTCUSD,100.7,101.66,94.48,95.59,5005.69,491441.36
1528934400.0,2018-06-14,LTCUSD,93.37,102.53,92.5,100.7,7298.39,710471.44
1528848000.0,2018-06-13,LTCUSD,99.28,100.5,89.01,93.37,9488.97,887602.18
1528761600.0,2018-06-12,LTCUSD,106.6,107.66,97.34,99.28,6577.03,674476.92
1528675200.0,2018-06-11,LTCUSD,106.65,108.15,103,106.6,5526.27,584697.5
1528588800.0,2018-06-10,LTCUSD,118.06,118.06,102.5,106.65,11746.14,1278538.02
1528502400.0,2018-06-09,LTCUSD,120.42,121.45,117.31,118.06,1204.67,143504.72
1528416000.0,2018-06-08,LTCUSD,121.7,122,118.61,120.42,1207.23,144309.2
1528329600.0,2018-06-07,LTCUSD,121.26,123.75,119.8,121.7,1741.11,212724.43
1528243200.0,2018-06-06,LTCUSD,122,122.95,118.1,121.26,2588.82,312771.33
1528156800.0,2018-06-05,LTCUSD,119.57,123,116,122,3221.42,383067.8
1528070400.0,2018-06-04,LTCUSD,124.89,127,118,119.57,3918.45,476455.5
1527984000.0,2018-06-03,LTCUSD,123.85,128.47,122.08,124.89,4556.57,573997.64
1527897600.0,2018-06-02,LTCUSD,120,124.88,118.7,123.85,3747.43,459871.47
1527811200.0,2018-06-01,LTCUSD,118,120.41,116.75,120,2134.73,252730.01
1527724800.0,2018-05-31,LTCUSD,117.33,121,116.39,118,3534.59,420006.31
1527638400.0,2018-05-30,LTCUSD,119.55,122.6,114.5,117.33,3181.2,378564.13
1527552000.0,2018-05-29,LTCUSD,110.5,122.62,109.95,119.55,5688.76,665837.71
1527465600.0,2018-05-28,LTCUSD,117.92,118.97,110,110.5,4561.65,514891.43
1527379200.0,2018-05-27,LTCUSD,118,119.35,116.5,117.92,1781.25,208797.01
1527292800.0,2018-05-26,LTCUSD,118.73,122.72,117.01,118,2735.84,326435.88
1527206400.0,2018-05-25,LTCUSD,123.15,124,117,118.73,2911.12,351781.85
1527120000.0,2018-05-24,LTCUSD,118.95,124.9,115,123.15,4961.16,593338.87
1527033600.0,2018-05-23,LTCUSD,128.38,129.55,115.98,118.95,6262.35,763986.61
1526947200.0,2018-05-22,LTCUSD,134.2,136.3,127.51,128.38,2756.76,363910.46
1526860800.0,2018-05-21,LTCUSD,139.9,140.68,133.34,134.2,2439.69,331551.34
1526774400.0,2018-05-20,LTCUSD,135.58,140.68,132.5,139.9,2324.0,320960.86
1526688000.0,2018-05-19,LTCUSD,136.44,137.95,133.01,135.58,1839.93,249030.61
1526601600.0,2018-05-18,LTCUSD,131.72,138,128,136.44,4776.54,633811.53
1526515200.0,2018-05-17,LTCUSD,139.89,141.5,130.6,131.72,4216.35,573903.61
1526428800.0,2018-05-16,LTCUSD,139.13,141.43,133.87,139.89,4634.71,635429.85
1526342400.0,2018-05-15,LTCUSD,146.93,149.21,138,139.13,6474.41,929146.31
1526256000.0,2018-05-14,LTCUSD,144.1,153,134.12,146.93,11245.52,1613946.56
1526169600.0,2018-05-13,LTCUSD,142.16,147.7,136.47,144.1,6076.67,866806.47
1526083200.0,2018-05-12,LTCUSD,135.21,144.82,130.66,142.16,6201.11,857317.0
1525996800.0,2018-05-11,LTCUSD,147.5,149.53,132.2,135.21,16310.9,2291046.08
1525910400.0,2018-05-10,LTCUSD,157,160.95,147.5,147.5,7282.19,1118407.0
1525824000.0,2018-05-09,LTCUSD,159,160.23,151.2,157,5632.51,878359.49
1525737600.0,2018-05-08,LTCUSD,164.85,168.96,157.34,159,5210.01,840873.83
1525651200.0,2018-05-07,LTCUSD,173.29,173.5,157.82,164.85,8836.81,1448406.86
1525564800.0,2018-05-06,LTCUSD,178.11,184,165,173.29,11589.47,1997736.04
1525478400.0,2018-05-05,LTCUSD,169.25,184,168.31,178.11,16816.36,2966449.2
1525392000.0,2018-05-04,LTCUSD,161.3,171.6,157,169.25,14339.87,2358717.91
1525305600.0,2018-05-03,LTCUSD,151.93,164.82,150.25,161.3,16640.0,2649052.13
1525219200.0,2018-05-02,LTCUSD,149.21,155,146.11,151.93,7551.07,1131402.6
1525132800.0,2018-05-01,LTCUSD,148.43,149.21,142.8,149.21,5273.85,766346.25
1525046400.0,2018-04-30,LTCUSD,154,154.5,146.4,148.43,5209.59,784843.2
1524960000.0,2018-04-29,LTCUSD,152.54,156.48,148,154,13404.44,2043820.43
1524873600.0,2018-04-28,LTCUSD,145.5,153.8,145.09,152.54,6499.41,977028.68
1524787200.0,2018-04-27,LTCUSD,154.02,154.02,145.13,145.5,13177.67,1962071.06
1524700800.0,2018-04-26,LTCUSD,145.46,154.5,141.5,154.02,10050.98,1475925.09
1524614400.0,2018-04-25,LTCUSD,164,164.82,142.5,145.46,30299.29,4576399.7
1524528000.0,2018-04-24,LTCUSD,152.67,166,152.67,164,21522.11,3464385.86
1524441600.0,2018-04-23,LTCUSD,146.6,153.81,146.6,152.67,10773.18,1626401.61
1524355200.0,2018-04-22,LTCUSD,148.03,153.2,144.25,146.6,7602.92,1131935.57
1524268800.0,2018-04-21,LTCUSD,155.8,157,140.4,148.03,21940.33,3275504.13
1524182400.0,2018-04-20,LTCUSD,146.1,156.1,142,155.8,13308.41,1982309.07
1524096000.0,2018-04-19,LTCUSD,140.5,147.5,138.56,146.1,10964.86,1571709.84
1524009600.0,2018-04-18,LTCUSD,131.54,142.25,131.54,140.5,12664.99,1738802.45
1523923200.0,2018-04-17,LTCUSD,128.4,140.6,128.4,131.54,30848.2,4154563.14
1523836800.0,2018-04-16,LTCUSD,132.7,133.88,124.93,128.4,13157.64,1682523.18
1523750400.0,2018-04-15,LTCUSD,126.39,133.41,125.7,132.7,8894.41,1162838.27
1523664000.0,2018-04-14,LTCUSD,125,130,124.22,126.39,9062.91,1149052.52
1523577600.0,2018-04-13,LTCUSD,130,134.18,124,125,24486.62,3155121.96
1523491200.0,2018-04-12,LTCUSD,118,130.78,112.68,130,33826.42,4123597.46
1523404800.0,2018-04-11,LTCUSD,114.06,120,112.68,118,4664.62,538976.37
1523318400.0,2018-04-10,LTCUSD,114.83,115,111.6,114.06,4541.18,517254.85
1523232000.0,2018-04-09,LTCUSD,117.8,122.9,112.45,114.83,10959.0,1281947.74
1523145600.0,2018-04-08,LTCUSD,115.31,118.94,115.2,117.8,4638.2,544131.39
1523059200.0,2018-04-07,LTCUSD,113,119.81,112.01,115.31,6521.16,763628.38
1522972800.0,2018-04-06,LTCUSD,118.3,120,111.59,113,9196.45,1050565.89
1522886400.0,2018-04-05,LTCUSD,118.73,122.64,113.59,118.3,7830.49,925417.17
1522800000.0,2018-04-04,LTCUSD,134,134.67,114.88,118.73,18128.39,2221504.86
1522713600.0,2018-04-03,LTCUSD,119.24,136.4,118,134,12882.47,1654019.38
1522627200.0,2018-04-02,LTCUSD,114.46,121.5,114.04,119.24,9922.23,1173748.58
1522540800.0,2018-04-01,LTCUSD,116.76,117.99,108.83,114.46,10399.23,1173113.31
1522454400.0,2018-03-31,LTCUSD,118.5,124.3,115.5,116.76,9269.62,1107965.08
1522368000.0,2018-03-30,LTCUSD,115.07,125.9,108.85,118.5,25767.24,3000680.94
1522281600.0,2018-03-29,LTCUSD,130.58,132.24,111.26,115.07,24929.24,2995227.49
1522195200.0,2018-03-28,LTCUSD,134.9,140.21,130,130.58,12289.1,1650497.5
1522108800.0,2018-03-27,LTCUSD,147.83,149.7,134.9,134.9,14027.56,1972937.46
1522022400.0,2018-03-26,LTCUSD,160.5,161.21,141.5,147.83,13995.34,2090769.9
1521936000.0,2018-03-25,LTCUSD,158.92,163,157,160.5,3860.15,614813.56
1521849600.0,2018-03-24,LTCUSD,168.03,169.51,158,158.92,7023.29,1147995.97
1521763200.0,2018-03-23,LTCUSD,163,169,155.5,168.03,11051.98,1779498.56
1521676800.0,2018-03-22,LTCUSD,168.1,173,160,163,12399.93,2042720.92
1521590400.0,2018-03-21,LTCUSD,168.02,176,165,168.1,13662.58,2338663.0
1521504000.0,2018-03-20,LTCUSD,161.35,173.33,155.59,168.02,16975.48,2804583.23
1521417600.0,2018-03-19,LTCUSD,154.37,163.55,150.58,161.35,16361.81,2566977.88
1521331200.0,2018-03-18,LTCUSD,151.9,157.74,136,154.37,31590.32,4596892.97
1521244800.0,2018-03-17,LTCUSD,165.8,166,150.38,151.9,11269.77,1767757.87
1521158400.0,2018-03-16,LTCUSD,164.69,171.96,158,165.8,10963.28,1812324.27
1521072000.0,2018-03-15,LTCUSD,161,168,149.19,164.69,20660.97,3280046.55
1520985600.0,2018-03-14,LTCUSD,175.01,178.43,157,161,16193.23,2669180.0
1520899200.0,2018-03-13,LTCUSD,178.23,181.9,170.25,175.01,9627.04,1684122.75
1520812800.0,2018-03-12,LTCUSD,189.91,193.58,173.08,178.23,16120.49,2953068.44
1520726400.0,2018-03-11,LTCUSD,177.57,193.84,170,189.91,15830.88,2882922.75
1520640000.0,2018-03-10,LTCUSD,185.14,194.16,174.5,177.57,16351.65,3029323.92
1520553600.0,2018-03-09,LTCUSD,174.53,189.86,158,185.14,24526.93,4249597.05
1520467200.0,2018-03-08,LTCUSD,185,188.54,173.59,174.53,11716.7,2121430.14
1520380800.0,2018-03-07,LTCUSD,197.34,200.63,173.79,185,16101.05,2965405.09
1520294400.0,2018-03-06,LTCUSD,211,211.28,191.1,197.34,14954.77,3018034.82
1520208000.0,2018-03-05,LTCUSD,212.81,217,208.8,211,7884.78,1680116.63
1520121600.0,2018-03-04,LTCUSD,209.55,214.6,205.1,212.81,4710.36,987602.0
1520035200.0,2018-03-03,LTCUSD,212.3,218.28,208.67,209.55,10396.92,2226097.36
1519948800.0,2018-03-02,LTCUSD,209.07,214.34,204,212.3,7094.19,1475599.51
1519862400.0,2018-03-01,LTCUSD,202.1,215,200.71,209.07,8680.7,1816874.58
1519776000.0,2018-02-28,LTCUSD,215.92,223,201.7,202.1,17019.16,3592796.59
1519689600.0,2018-02-27,LTCUSD,218.37,222.95,211.6,215.92,18722.37,4067772.47
1519603200.0,2018-02-26,LTCUSD,217,232,214.25,218.37,31408.58,7002053.51
1519516800.0,2018-02-25,LTCUSD,207,222.2,199.78,217,22611.1,4773746.99
1519430400.0,2018-02-24,LTCUSD,205.52,218.88,193.66,207,22610.11,4644028.36
1519344000.0,2018-02-23,LTCUSD,193.7,216.76,182.3,205.52,27763.3,5559225.58
1519257600.0,2018-02-22,LTCUSD,209.01,222,188,193.7,35754.37,7260630.68
1519171200.0,2018-02-21,LTCUSD,228.13,232.48,202.81,209.01,41616.59,8950698.22
1519084800.0,2018-02-20,LTCUSD,221.2,254,220.8,228.13,41415.65,9899972.76
1518998400.0,2018-02-19,LTCUSD,213.1,226.18,212.11,221.2,11107.8,2460311.0
1518912000.0,2018-02-18,LTCUSD,227.01,232,210.1,213.1,29528.76,6525777.51
1518825600.0,2018-02-17,LTCUSD,228.43,233,223.2,227.01,15837.89,3605866.13
1518739200.0,2018-02-16,LTCUSD,221.17,235,209.4,228.43,29740.47,6639107.03
1518652800.0,2018-02-15,LTCUSD,213.4,238.4,207,221.17,59396.28,13217993.29
1518566400.0,2018-02-14,LTCUSD,159.67,218.34,159.09,213.4,76243.49,14839345.06
1518480000.0,2018-02-13,LTCUSD,161.44,163.5,152.38,159.67,13340.44,2098848.73
1518393600.0,2018-02-12,LTCUSD,149.01,164,148.56,161.44,11641.16,1849432.72
1518307200.0,2018-02-11,LTCUSD,155.39,155.59,139.96,149.01,16532.18,2460358.84
1518220800.0,2018-02-10,LTCUSD,162,170,147.25,155.39,30022.29,4776910.12
1518134400.0,2018-02-09,LTCUSD,149.22,164.5,141.71,162,21757.57,3338961.53
1518048000.0,2018-02-08,LTCUSD,137.78,152,137.09,149.22,21232.41,3104901.64
1517961600.0,2018-02-07,LTCUSD,142,157.9,130.52,137.78,31151.53,4493061.5
1517875200.0,2018-02-06,LTCUSD,124.8,147.23,106.47,142,65178.92,8110841.36
1517788800.0,2018-02-05,LTCUSD,146.62,153.14,117.01,124.8,59500.17,7972675.6
1517702400.0,2018-02-04,LTCUSD,162,174,137,146.62,43944.04,6822598.54
1517616000.0,2018-02-03,LTCUSD,132.19,166.5,120.1,162,20747.26,3029138.23
1517529600.0,2018-02-02,LTCUSD,143.5,143.86,107.38,132.19,41233.1,5173819.73
1517443200.0,2018-02-01,LTCUSD,164.9,167.09,132.32,143.5,22315.34,3320227.93
1517356800.0,2018-01-31,LTCUSD,166.15,169,157.11,164.9,13308.25,2166638.78
1517270400.0,2018-01-30,LTCUSD,182.3,182.3,161.23,166.15,22868.45,3901697.4
1517184000.0,2018-01-29,LTCUSD,195.8,196.55,178.81,182.3,12088.78,2232210.91
1517097600.0,2018-01-28,LTCUSD,182,197.9,180.9,195.8,15158.95,2886641.78
1517011200.0,2018-01-27,LTCUSD,176.21,185,173,182,8739.59,1576094.49
1516924800.0,2018-01-26,LTCUSD,178.51,184,164,176.21,11000.3,1922274.03
1516838400.0,2018-01-25,LTCUSD,180.7,185,174.98,178.51,12805.19,2315132.35
1516752000.0,2018-01-24,LTCUSD,177.14,185.24,171.5,180.7,11132.41,1990346.37
1516665600.0,2018-01-23,LTCUSD,176.31,187,164.01,177.14,12460.08,2194274.17
1516579200.0,2018-01-22,LTCUSD,189.9,195,163.89,176.31,15530.44,2756466.42
1516492800.0,2018-01-21,LTCUSD,210,210.02,181.46,189.9,16653.72,3219373.94
1516406400.0,2018-01-20,LTCUSD,191.49,215,190,210,15495.67,3167792.07
1516320000.0,2018-01-19,LTCUSD,187,199.88,180.58,191.49,14288.63,2710684.7
1516233600.0,2018-01-18,LTCUSD,185.91,204.9,172.25,187,35083.94,6686893.83
1516147200.0,2018-01-17,LTCUSD,180.36,197.5,135.5,185.91,53251.49,8968797.29
1516060800.0,2018-01-16,LTCUSD,230,231,140.01,180.36,55148.75,10392809.99
1515974400.0,2018-01-15,LTCUSD,236,243,230,230,13884.06,3289579.65
1515888000.0,2018-01-14,LTCUSD,258.03,271.73,227.88,236,20638.06,5051620.01
1515801600.0,2018-01-13,LTCUSD,234,262.54,234,258.03,18324.34,4506633.14
1515715200.0,2018-01-12,LTCUSD,226.5,241.11,217.98,234,12550.15,2915878.92
1515628800.0,2018-01-11,LTCUSD,248.99,254,215.01,226.5,28602.9,6616023.02
1515542400.0,2018-01-10,LTCUSD,244.12,248.99,228.21,248.99,19343.8,4638417.52
1515456000.0,2018-01-09,LTCUSD,253.46,258.5,236.8,244.12,21200.31,5281499.68
1515369600.0,2018-01-08,LTCUSD,270,273.6,223.19,253.46,34226.17,8662593.52
1515283200.0,2018-01-07,LTCUSD,278.1,289,264.47,270,21457.75,5961813.55
1515196800.0,2018-01-06,LTCUSD,243.5,306.86,240.86,278.1,48702.68,13695512.03
1515110400.0,2018-01-05,LTCUSD,237.3,251.95,233.74,243.5,32959.82,8032807.37
1515024000.0,2018-01-04,LTCUSD,244.89,245.75,222.85,237.3,37331.8,8722071.43
1514937600.0,2018-01-03,LTCUSD,249.95,255.99,239.48,244.89,28621.32,7066270.53
1514851200.0,2018-01-02,LTCUSD,223.68,259.75,220.1,249.95,37299.16,9137082.26
1514764800.0,2018-01-01,LTCUSD,225.8,231.85,215.19,223.68,12056.78,2695575.66
1514678400.0,2017-12-31,LTCUSD,207.49,233.25,203.96,225.8,28114.72,6189808.44
1514592000.0,2017-12-30,LTCUSD,240.08,241,192,207.49,43082.29,9304747.67
1514505600.0,2017-12-29,LTCUSD,246.5,257.55,235,240.08,25899.84,6360793.42
1514419200.0,2017-12-28,LTCUSD,262.55,265.93,223,246.5,28443.19,6860407.23
1514332800.0,2017-12-27,LTCUSD,277,285,251,262.55,22658.16,6117289.3
1514246400.0,2017-12-26,LTCUSD,262.52,282.35,259.06,277,20066.18,5509465.53
1514160000.0,2017-12-25,LTCUSD,263,278,252,262.52,17645.8,4691319.02
1514073600.0,2017-12-24,LTCUSD,266,270,225.01,263,35426.96,8794019.48
1513987200.0,2017-12-23,LTCUSD,251.6,292.9,242,266,42965.28,11775291.2
1513900800.0,2017-12-22,LTCUSD,299.88,304.33,181,251.6,118524.59,28411312.8
1513814400.0,2017-12-21,LTCUSD,304,327.8,273.25,299.88,50203.29,15033539.44
1513728000.0,2017-12-20,LTCUSD,341,342,293,304,65745.03,20656595.43
1513641600.0,2017-12-19,LTCUSD,355,370,320.01,341,58425.42,20137115.89
1513555200.0,2017-12-18,LTCUSD,313.48,365,294,355,44344.71,14314079.39
1513468800.0,2017-12-17,LTCUSD,295.29,330,295.29,313.48,39961.41,12605479.94
1513382400.0,2017-12-16,LTCUSD,295.4,307.5,284.65,295.29,25831.37,7639909.92
1513296000.0,2017-12-15,LTCUSD,274.89,314.1,245,295.4,77293.0,21924925.82
1513209600.0,2017-12-14,LTCUSD,292,299.7,252.51,274.89,74860.63,20731590.22
1513123200.0,2017-12-13,LTCUSD,291,329,269,292,100070.3,29224740.89
1513036800.0,2017-12-12,LTCUSD,208.75,330.7,202.53,291,219908.04,59150252.4
1512950400.0,2017-12-11,LTCUSD,144.6,226,143.75,208.75,170248.17,31595930.54
1512864000.0,2017-12-10,LTCUSD,149,153.85,122.39,144.6,99134.68,13802382.57
1512777600.0,2017-12-09,LTCUSD,120,159.6,119.5,149,177088.68,25101382.22
1512691200.0,2017-12-08,LTCUSD,93.52,129.33,86.53,120,130632.57,14462080.2
1512604800.0,2017-12-07,LTCUSD,96,98,85.69,93.52,70544.15,6457581.06
1512518400.0,2017-12-06,LTCUSD,100,102.45,92,96,57840.48,5694944.25
1512432000.0,2017-12-05,LTCUSD,103.19,103.94,99.1,100,24076.51,2435736.28
1512345600.0,2017-12-04,LTCUSD,100,103.25,94,103.19,43138.16,4259866.63
1512259200.0,2017-12-03,LTCUSD,99,106.2,95.51,100,60730.12,6139067.3
1512172800.0,2017-12-02,LTCUSD,97.5,103,96.49,99,58398.25,5815859.01
1512086400.0,2017-12-01,LTCUSD,85.79,99.57,80.78,97.5,82575.12,7464709.9
1512000000.0,2017-11-30,LTCUSD,83.5,91.39,75.1,85.79,89554.46,7423646.67
1511913600.0,2017-11-29,LTCUSD,94.2,103.88,75,83.5,194508.93,17898635.52
1511827200.0,2017-11-28,LTCUSD,90.06,94.69,88.68,94.2,53882.01,4947294.0
1511740800.0,2017-11-27,LTCUSD,85.3,91.41,84.31,90.06,76750.93,6795600.8
1511654400.0,2017-11-26,LTCUSD,87.3,88.25,82,85.3,44932.04,3817425.06
1511568000.0,2017-11-25,LTCUSD,77.55,88.78,76.83,87.3,74343.52,6106417.86
1511481600.0,2017-11-24,LTCUSD,72.5,77.55,72.06,77.55,44268.64,3299711.36
1511395200.0,2017-11-23,LTCUSD,71.82,76.5,70.42,72.5,53846.29,3977464.14
1511308800.0,2017-11-22,LTCUSD,69.52,72,69.52,71.82,34462.29,2443792.8
1511222400.0,2017-11-21,LTCUSD,72.5,73.03,68,69.52,68474.84,4802768.29
1511136000.0,2017-11-20,LTCUSD,71.53,73.4,70.67,72.5,36647.18,2640286.88
1511049600.0,2017-11-19,LTCUSD,69.65,73.26,68,71.53,53455.59,3766736.12
1510963200.0,2017-11-18,LTCUSD,67.2,69.8,65.08,69.65,38925.06,2609633.09
1510876800.0,2017-11-17,LTCUSD,71,71.99,64.5,67.2,81788.89,5578185.6
1510790400.0,2017-11-16,LTCUSD,62.81,75,62.25,71,101274.46,6852529.08
1510704000.0,2017-11-15,LTCUSD,62.08,64.92,60.27,62.81,49184.68,3088485.36
1510617600.0,2017-11-14,LTCUSD,60.68,63.25,59.55,62.08,38539.26,2367211.68
1510531200.0,2017-11-13,LTCUSD,58.4,61.75,58,60.68,48813.36,2919284.16
1510444800.0,2017-11-12,LTCUSD,62,62,56.12,58.4,103968.52,6121283.15
1510358400.0,2017-11-11,LTCUSD,58.5,63.5,57.98,62,66831.87,4072564.26
1510272000.0,2017-11-10,LTCUSD,63.65,65.4,55.72,58.5,77514.56,4683943.57
1510185600.0,2017-11-09,LTCUSD,61.49,66.56,60.86,63.65,58030.92,3685668.03
1510099200.0,2017-11-08,LTCUSD,60.41,62.8,57.94,61.49,73938.7,4507600.12
1510012800.0,2017-11-07,LTCUSD,54.5,63.5,54.29,60.41,75935.59,4526527.66
1509926400.0,2017-11-06,LTCUSD,54.7,55.8,53.5,54.5,21103.98,1157988.84
1509840000.0,2017-11-05,LTCUSD,54.54,55.27,54,54.7,6698.31,366405.49
1509753600.0,2017-11-04,LTCUSD,55.79,56.25,53.96,54.54,13296.18,732272.57
1509667200.0,2017-11-03,LTCUSD,53.7,56.22,53.24,55.79,38395.01,2100631.69
1509580800.0,2017-11-02,LTCUSD,52.67,54.71,48.5,53.7,44365.04,2298982.47
1509494400.0,2017-11-01,LTCUSD,55.5,55.67,52.67,52.67,24541.3,1342238.43
1509408000.0,2017-10-31,LTCUSD,56,56.9,55.5,55.5,15996.64,898660.11
1509321600.0,2017-10-30,LTCUSD,56.62,58.71,55.1,56,30881.32,1748861.51
1509235200.0,2017-10-29,LTCUSD,54.2,57.52,53.8,56.62,18295.38,1025499.99
1509148800.0,2017-10-28,LTCUSD,54.8,55.7,53.89,54.2,5663.89,308025.71
1509062400.0,2017-10-27,LTCUSD,55.5,56.2,54.6,54.8,8229.13,455634.21
1508976000.0,2017-10-26,LTCUSD,56.24,56.82,54.95,55.5,13779.8,768926.8
1508889600.0,2017-10-25,LTCUSD,55.4,56.24,53,56.24,14461.48,790994.34
1508803200.0,2017-10-24,LTCUSD,54.69,58.83,51.88,55.4,45289.17,2559376.06
1508716800.0,2017-10-23,LTCUSD,56.57,57,51.68,54.69,44466.46,2403284.16
1508630400.0,2017-10-22,LTCUSD,58,58.68,55.58,56.57,13198.48,750301.27
1508544000.0,2017-10-21,LTCUSD,60.15,60.33,56.2,58,26548.67,1546163.18
1508457600.0,2017-10-20,LTCUSD,59.88,62,57.82,60.15,32863.74,1980891.02
1508371200.0,2017-10-19,LTCUSD,60.6,61.48,58.02,59.88,26783.65,1607027.35
1508284800.0,2017-10-18,LTCUSD,59.4,62.16,52.88,60.6,59607.89,3398443.15
1508198400.0,2017-10-17,LTCUSD,64.85,65,58.34,59.4,45540.97,2775749.9
1508112000.0,2017-10-16,LTCUSD,66.2,66.7,62.48,64.85,37061.15,2379525.12
1508025600.0,2017-10-15,LTCUSD,64.15,70,61.59,65.3,107151.26,7013311.66
1507939200.0,2017-10-14,LTCUSD,59.32,67,58.36,64.15,53563.81,3372459.61
1507852800.0,2017-10-13,LTCUSD,59.62,60.92,54.33,59.32,79894.07,4673668.85
1507766400.0,2017-10-12,LTCUSD,50.6,60,50.6,59.62,103052.1,5744122.54
1507680000.0,2017-10-11,LTCUSD,50.55,51.2,50.2,50.6,7309.65,370272.36
1507593600.0,2017-10-10,LTCUSD,49.6,51.7,49.6,50.55,14225.58,721848.28
1507507200.0,2017-10-09,LTCUSD,53.25,53.6,48,49.6,31837.29,1603123.16
1507420800.0,2017-10-08,LTCUSD,52.7,54.9,52.15,53.25,21381.61,1143917.34
1507334400.0,2017-10-07,LTCUSD,52.25,53,51.6,52.7,5711.15,297950.55
1507248000.0,2017-10-06,LTCUSD,51.7,52.86,51.36,52.25,10747.96,560248.67
1507161600.0,2017-10-05,LTCUSD,51.3,51.93,50.01,51.7,11757.1,600059.55
1507075200.0,2017-10-04,LTCUSD,52.13,53,50.24,51.3,10059.98,519769.62
1506988800.0,2017-10-03,LTCUSD,53.18,53.7,51,52.13,11535.78,598742.99
1506902400.0,2017-10-02,LTCUSD,54.92,55.15,52.5,53.18,14767.99,800880.64
1506816000.0,2017-10-01,LTCUSD,55.49,55.85,53.5,54.92,15625.96,852547.24
1506729600.0,2017-09-30,LTCUSD,52.9,56,52.89,55.49,23519.64,1296844.37
1506643200.0,2017-09-29,LTCUSD,55,55,49.25,52.9,46459.23,2422509.14
1506556800.0,2017-09-28,LTCUSD,57.1,57.5,53.4,55,37082.78,2059772.41
1506470400.0,2017-09-27,LTCUSD,52.45,57.57,52.03,57.1,51465.58,2813767.24
1506384000.0,2017-09-26,LTCUSD,52.2,54.75,50.88,52.45,40408.97,2125903.59
1506297600.0,2017-09-25,LTCUSD,47.71,53,47.38,52.2,37958.13,1935100.36
1506211200.0,2017-09-24,LTCUSD,49.25,49.7,47.1,47.71,27751.73,1332971.48
1506124800.0,2017-09-23,LTCUSD,47.75,49.92,46.2,49.25,33260.21,1616054.6
1506038400.0,2017-09-22,LTCUSD,46.4,48.9,44.4,47.75,50083.81,2329733.29
1505952000.0,2017-09-21,LTCUSD,51.67,52.52,45,46.4,70127.91,3397139.03
1505865600.0,2017-09-20,LTCUSD,52.7,54.5,50.78,51.67,30094.71,1591158.51
1505779200.0,2017-09-19,LTCUSD,56.3,56.5,50.87,52.7,52852.71,2831578.63
1505692800.0,2017-09-18,LTCUSD,50.6,57.34,50.6,56.3,82702.89,4543708.0
1505606400.0,2017-09-17,LTCUSD,52,52.89,47.12,50.6,52190.64,2642204.63
1505520000.0,2017-09-16,LTCUSD,51.89,57,48.5,52,97910.27,5142892.41
1505433600.0,2017-09-15,LTCUSD,44.79,57,33.01,51.89,323331.5,15159602.9
1505347200.0,2017-09-14,LTCUSD,61.41,62.74,44.32,44.79,138140.52,7105248.71
1505260800.0,2017-09-13,LTCUSD,65.67,66.33,57.75,61.41,76731.03,4701139.75
1505174400.0,2017-09-12,LTCUSD,68.2,72.08,63.8,65.67,44989.42,3078134.05
1505088000.0,2017-09-11,LTCUSD,67.15,71.64,65.33,68.2,32854.68,2248140.76
1505001600.0,2017-09-10,LTCUSD,70.99,71.11,62.25,67.15,55004.49,3637782.69
1504915200.0,2017-09-09,LTCUSD,73.44,73.5,68.65,70.99,29162.72,2068178.46
1504828800.0,2017-09-08,LTCUSD,80.02,82.01,63.01,73.44,80810.94,5864464.38
1504742400.0,2017-09-07,LTCUSD,81.66,83.2,76.19,80.02,31940.2,2543356.1
1504656000.0,2017-09-06,LTCUSD,72.89,82.09,72.53,81.66,52208.29,4029775.09
1504569600.0,2017-09-05,LTCUSD,66.4,74.24,60.39,72.89,68841.3,4662251.32
1504483200.0,2017-09-04,LTCUSD,79.5,79.5,59.77,66.4,80955.89,5519372.3
1504396800.0,2017-09-03,LTCUSD,78.2,84,73,79.5,42829.53,3375927.93
1504310400.0,2017-09-02,LTCUSD,87.15,93.89,69.9,78.2,94091.59,7320073.38
1504224000.0,2017-09-01,LTCUSD,72.54,89.89,70.93,87.15,68720.99,5584756.52
1504137600.0,2017-08-31,LTCUSD,65.8,74.46,64.69,72.54,29972.6,2067006.71
1504051200.0,2017-08-30,LTCUSD,63.7,65.99,61.5,65.8,13134.73,827542.24
1503964800.0,2017-08-29,LTCUSD,61.6,64.12,60.77,63.7,17009.85,1060529.46
1503878400.0,2017-08-28,LTCUSD,60.9,64.99,58.3,61.6,27805.92,1717466.61
1503792000.0,2017-08-27,LTCUSD,51.7,64.49,51.21,60.9,57876.26,3405740.73
1503705600.0,2017-08-26,LTCUSD,51.1,52.28,50,51.7,13082.33,666329.09
1503619200.0,2017-08-25,LTCUSD,49.31,52.3,49.1,51.1,20314.34,1030938.29
1503532800.0,2017-08-24,LTCUSD,55.1,55.4,49.3,49.31,42518.91,2195436.59
1503446400.0,2017-08-23,LTCUSD,46.47,66.5,45.85,55.1,70602.5,3822511.42
1503360000.0,2017-08-22,LTCUSD,47.51,48,44.29,46.47,25733.14,1177758.28
1503273600.0,2017-08-21,LTCUSD,45.4,49,45.1,47.51,22327.21,1047905.17
1503187200.0,2017-08-20,LTCUSD,45,47.49,43.82,45.4,18230.04,833000.3
1503100800.0,2017-08-19,LTCUSD,46.5,46.5,42.12,45,16624.77,739558.09
1503014400.0,2017-08-18,LTCUSD,43.6,48,42.54,46.5,31686.93,1444134.8
1502928000.0,2017-08-17,LTCUSD,43.83,44.8,43,43.5,8856.76,388772.56
1502841600.0,2017-08-16,LTCUSD,43.1,45,41.8,43.83,12134.53,527201.44
1502755200.0,2017-08-15,LTCUSD,45.49,45.49,40.1,43.1,19316.56,820095.66
1502668800.0,2017-08-14,LTCUSD,45.2,46.21,44.55,45.49,7106.02,322975.77
1502582400.0,2017-08-13,LTCUSD,45.9,47.27,43.6,45.2,17268.17,788330.52
1502496000.0,2017-08-12,LTCUSD,46.5,47.98,45.75,45.9,10466.79,488278.45
1502409600.0,2017-08-11,LTCUSD,46.75,47.76,46.1,46.5,11966.21,560189.38
1502323200.0,2017-08-10,LTCUSD,47.5,48.5,46.75,46.75,8876.68,423672.77
1502236800.0,2017-08-09,LTCUSD,49.17,50,46.5,47.5,18062.42,874784.89
1502150400.0,2017-08-08,LTCUSD,45.66,49.9,45.38,49.17,18661.13,874568.1
1502064000.0,2017-08-07,LTCUSD,45.5,46.88,45,45.66,12701.52,580875.81
1501977600.0,2017-08-06,LTCUSD,46,46.8,44.9,45.5,9119.52,417509.08
1501891200.0,2017-08-05,LTCUSD,43.2,47.1,42.9,46,27317.85,1243773.9
1501804800.0,2017-08-04,LTCUSD,42.47,43.5,42.11,43.2,8940.22,383334.91
1501718400.0,2017-08-03,LTCUSD,42.02,43.2,41.2,42.47,8557.43,362132.07
1501632000.0,2017-08-02,LTCUSD,43.22,43.3,41.2,42.02,16281.95,688900.04
1501545600.0,2017-08-01,LTCUSD,42.41,44.4,39.6,43.22,33774.44,1427702.4
1501459200.0,2017-07-31,LTCUSD,40.27,43.41,38.2,42.41,16220.59,668164.08
1501372800.0,2017-07-30,LTCUSD,41.35,42.12,39.51,40.27,5954.26,242751.88
1501286400.0,2017-07-29,LTCUSD,40.23,41.7,38.33,41.35,8960.05,354748.52
1501200000.0,2017-07-28,LTCUSD,41.57,42.3,39.84,40.23,10303.45,421350.03
1501113600.0,2017-07-27,LTCUSD,41.8,42.5,40.63,41.57,5837.07,243593.26
1501027200.0,2017-07-26,LTCUSD,42.1,43,40.08,41.8,6728.3,279091.35
1500940800.0,2017-07-25,LTCUSD,45,45.7,39.68,42.1,14543.48,607871.83
1500854400.0,2017-07-24,LTCUSD,44.95,45.76,43.81,45,4438.24,199657.52
1500768000.0,2017-07-23,LTCUSD,47,47.49,43.7,44.95,10211.18,464323.91
1500681600.0,2017-07-22,LTCUSD,45.96,47.7,44.6,47,7101.14,328702.47
1500595200.0,2017-07-21,LTCUSD,44.32,48.06,43.88,45.96,11882.57,543192.34
1500508800.0,2017-07-20,LTCUSD,39,46.55,39,44.32,17957.48,789055.0
1500422400.0,2017-07-19,LTCUSD,43,44.11,38.84,39,11269.2,469563.63
1500336000.0,2017-07-18,LTCUSD,42.15,47,40.4,43,18946.65,823025.95
1500249600.0,2017-07-17,LTCUSD,39.64,48.31,38.75,42.15,20224.98,851557.77
1500163200.0,2017-07-16,LTCUSD,38.5,42.62,35.1,39.64,15701.8,613754.01
1500076800.0,2017-07-15,LTCUSD,42.04,42.04,37.19,38.5,2967.23,117176.14
